id,char_id,encode_type,code,ncr_code,tone,pic,ext_info,gmt_create,gmt_modified,code_point,font,weight
2.02205E+12,d88cab,PUA,,,,,,2022/6/27 16:56,56:25.0,,,10
2.02205E+12,d88cab,UNICODE,𮧵,&#55418;&#56821;,,,"{""ncr_code_hex"":""2E9F5""}",56:25.0,56:25.0,2E9F5,,10
2.02205E+12,d88cab,PINYIN,WEI,,3,,,56:25.0,56:25.0,,,10
2.02205E+12,d88cab,SPLIT,韦华,,,,,56:25.0,56:25.0,,,10
2.02205E+12,d88cab,TRADITIONAL,韡,&#38881;,,,"{""ncr_code_hex"":""97E1""}",56:25.0,56:25.0,9.70E+02,,10
2.02205E+12,84c3c9,PUA,,,,,,56:25.0,56:25.0,,,10
2.02205E+12,84c3c9,UNICODE,𬀩,&#55408;&#56361;,,,"{""ncr_code_hex"":""2C029""}",56:25.0,56:25.0,2C029,,10
2.02205E+12,84c3c9,PINYIN,WEI,,3,,,56:25.0,56:25.0,,,10
2.02205E+12,84c3c9,SPLIT,日韦,,,,,56:25.0,56:25.0,,,10
2.02205E+12,84c3c9,TRADITIONAL,暐,&#26256;,,,"{""ncr_code_hex"":""6690""}",56:25.0,56:25.0,6690,,10
2.02205E+12,4e9967,PUA,,,,,,56:25.0,56:25.0,,,10
2.02205E+12,4e9967,UNICODE,𣲗,&#55375;&#56471;,,,"{""ncr_code_hex"":""23C97""}",56:25.0,56:25.0,23C97,,10
2.02205E+12,4e9967,PINYIN,WEI,,2,,,56:25.0,56:25.0,,,10
2.02205E+12,4e9967,SPLIT,氵韦,,,,,56:25.0,56:25.0,,,10
2.02205E+12,4e9967,SPLIT,水韦,,,,,56:25.0,56:25.0,,,10
2.02205E+12,4e9967,TRADITIONAL,湋,&#28235;,,,"{""ncr_code_hex"":""6E4B""}",56:25.0,56:25.0,6E4B,,10
2.02205E+12,1968a4,PUA,,,,,,56:25.0,56:25.0,,,10
2.02205E+12,1968a4,UNICODE,𫰍,&#55407;&#56333;,,,"{""ncr_code_hex"":""2BC0D""}",56:25.0,56:25.0,2BC0D,,10
2.02205E+12,1968a4,PINYIN,WEI,,2,,,56:25.0,56:25.0,,,10
2.02205E+12,1968a4,PINYIN,WEI,,3,,,56:25.0,56:25.0,,,10
2.02205E+12,1968a4,SPLIT,女韦,,,,,56:25.0,56:25.0,,,10
2.02205E+12,1968a4,TRADITIONAL,媁,&#23169;,,,"{""ncr_code_hex"":""5A81""}",56:25.0,56:25.0,5A81,,10
2.02205E+12,1ef9de,PUA,,,,,,56:25.0,56:25.0,,,10
2.02205E+12,1ef9de,UNICODE,𬱵,&#55411;&#56437;,,,"{""ncr_code_hex"":""2CC75""}",56:25.0,56:25.0,2CC75,,10
2.02205E+12,1ef9de,PINYIN,WEI,,3,,,56:25.0,56:25.0,,,10
2.02205E+12,1ef9de,SPLIT,风韦,,,,,56:25.0,56:25.0,,,10
2.02205E+12,1ef9de,TRADITIONAL,颹,&#39097;,,,"{""ncr_code_hex"":""98B9""}",56:25.0,56:25.0,98B9,,10
2.02205E+12,2c64ee,PUA,,,,,,56:25.0,56:25.0,,,10
2.02205E+12,2c64ee,UNICODE,𬬬,&#55410;&#57132;,,,"{""ncr_code_hex"":""2CB2C""}",56:25.0,56:25.0,2CB2C,,10
2.02205E+12,2c64ee,PINYIN,WEI,,2,,,56:25.0,56:25.0,,,10
2.02205E+12,2c64ee,SPLIT,钅韦,,,,,56:25.0,56:25.0,,,10
2.02205E+12,2c64ee,SPLIT,金韦,,,,,56:25.0,56:25.0,,,10
2.02205E+12,2c64ee,TRADITIONAL,鍏,&#37711;,,,"{""ncr_code_hex"":""934F""}",56:25.0,56:25.0,934F,,10
2.02205E+12,246507,PUA,,,,,,56:25.0,56:25.0,,,10
2.02205E+12,246507,UNICODE,𬱟,&#55411;&#56415;,,,"{""ncr_code_hex"":""2CC5F""}",56:25.0,56:25.0,2CC5F,,10
2.02205E+12,246507,PINYIN,WEI,,2,,,56:25.0,56:25.0,,,10
2.02205E+12,246507,SPLIT,危页,,,,,56:25.0,56:25.0,,,10
2.02205E+12,246507,TRADITIONAL,頠,&#38944;,,,"{""ncr_code_hex"":""9820""}",56:25.0,56:25.0,9820,,10
2.02205E+12,2337c3,PUA,,,,,,56:25.0,56:25.0,,,10
2.02205E+12,2337c3,UNICODE,𬎆,&#55408;&#57222;,,,"{""ncr_code_hex"":""2C386""}",56:25.0,56:25.0,2C386,,10
2.02205E+12,2337c3,PINYIN,YING,,2,,,56:25.0,56:25.0,,,10
2.02205E+12,2337c3,SPLIT,王莹,,,,,56:25.0,56:25.0,,,10
2.02205E+12,2337c3,TRADITIONAL,㼆,&#16134;,,,"{""ncr_code_hex"":""3F06""}",56:25.0,56:25.0,3F06,,10
2.02205E+12,9427be,PUA,,,,,,56:25.0,56:25.0,,,8
2.02205E+12,9427be,UNICODE,𬀪,&#55408;&#56362;,,,"{""ncr_code_hex"":""2C02A""}",56:25.0,56:25.0,2C02A,,8
2.02205E+12,9427be,PINYIN,XIAN,,1,,,56:25.0,56:25.0,,,8
2.02205E+12,9427be,SPLIT,日见,,,,,56:25.0,56:25.0,,,8
2.02205E+12,9427be,TRADITIONAL,晛,&#26203;,,,"{""ncr_code_hex"":""665B""}",56:25.0,56:25.0,665B,,8
2.02205E+12,c97fbd,PUA,,,,,,56:25.0,56:25.0,,,10
2.02205E+12,c97fbd,UNICODE,𥖄,&#55381;&#56708;,,,"{""ncr_code_hex"":""25584""}",56:25.0,56:25.0,25584,,10
2.02205E+12,c97fbd,PINYIN,XIAN,,4,,,56:25.0,56:25.0,,,10
2.02205E+12,c97fbd,SPLIT,石羡,,,,,56:25.0,56:25.0,,,10
2.02205E+12,fd164b,PUA,,,,,,56:25.0,56:25.0,,,8
2.02205E+12,fd164b,UNICODE,𬭣,&#55410;&#57187;,,,"{""ncr_code_hex"":""2CB63""}",56:25.0,56:25.0,2CB63,,8
2.02205E+12,fd164b,PINYIN,XIAN,,4,,,56:25.0,56:25.0,,,8
2.02205E+12,fd164b,SPLIT,钅泉,,,,,56:25.0,56:25.0,,,8
2.02205E+12,fd164b,SPLIT,金泉,,,,,56:25.0,56:25.0,,,8
2.02205E+12,fd164b,TRADITIONAL,䤼,&#18748;,,,"{""ncr_code_hex"":""493C""}",56:25.0,56:25.0,493C,,8
2.02205E+12,66c867,PUA,,,,,,56:25.0,56:25.0,,,10
2.02205E+12,66c867,UNICODE,䶮,&#19886;,,,"{""ncr_code_hex"":""4DAE""}",56:25.0,56:25.0,4DAE,,10
2.02205E+12,66c867,PINYIN,YAN,,3,,,56:25.0,56:25.0,,,10
2.02205E+12,66c867,SPLIT,龙天,,,,,56:25.0,56:25.0,,,10
2.02205E+12,66c867,TRADITIONAL,𬺛,&#55411;&#56987;,,,"{""ncr_code_hex"":""2CE9B""}",56:25.0,56:25.0,2CE9B,,10
2.02205E+12,66c867,TRADITIONAL,𪚔,&#55401;&#56980;,,,"{""ncr_code_hex"":""2A694""}",56:25.0,56:25.0,2A694,,10
2.02205E+12,66c867,TRADITIONAL,,&#62748;,,,"{""ncr_code_hex"":""F51C""}",56:25.0,56:25.0,F51C,,10
2.02205E+12,66c867,TRADITIONAL,龑,&#40849;,,,"{""ncr_code_hex"":""9F91""}",56:25.0,56:25.0,9F91,,10
2.02205E+12,1bf322,PUA,,,,,,56:25.0,56:25.0,,,10
2.02205E+12,1bf322,UNICODE,𬍛,&#55408;&#57179;,,,"{""ncr_code_hex"":""2C35B""}",56:25.0,56:25.0,2C35B,,10
2.02205E+12,1bf322,PINYIN,LI,,4,,,56:25.0,56:25.0,,,10
2.02205E+12,1bf322,SPLIT,王乐,,,,,56:25.0,56:25.0,,,10
2.02205E+12,1bf322,TRADITIONAL,爍,&#29197;,,,"{""ncr_code_hex"":""720D""}",56:25.0,56:25.0,720D,,10
2.02205E+12,1bf322,TRADITIONAL,瓅,&#29893;,,,"{""ncr_code_hex"":""74C5""}",56:25.0,56:25.0,74C5,,10
2.02205E+12,cda910,PUA,,,,,,56:25.0,56:25.0,,,10
2.02205E+12,cda910,UNICODE,㛃,&#14019;,,,"{""ncr_code_hex"":""36C3""}",56:25.0,56:25.0,36C3,,10
2.02205E+12,cda910,PINYIN,JIE,,2,,,56:25.0,56:25.0,,,10
2.02205E+12,cda910,SPLIT,㓞女,,,,,56:25.0,56:25.0,,,10
2.02205E+12,3796ee,PUA,,,,,,56:25.0,56:25.0,,,10
2.02205E+12,3796ee,UNICODE,𬱖,&#55411;&#56406;,,,"{""ncr_code_hex"":""2CC56""}",56:25.0,56:25.0,2CC56,,10
2.02205E+12,3796ee,PINYIN,DI,,2,,,56:25.0,56:25.0,,,10
2.02205E+12,3796ee,SPLIT,由页,,,,,56:25.0,56:25.0,,,10
2.02205E+12,3796ee,TRADITIONAL,頔,&#38932;,,,"{""ncr_code_hex"":""9814""}",56:25.0,56:25.0,9814,,10
2.02205E+12,1.80E+174,PUA,,,,,,56:25.0,56:25.0,,,10
2.02205E+12,1.80E+174,UNICODE,𬜬,&#55409;&#57132;,,,"{""ncr_code_hex"":""2C72C""}",56:25.0,56:25.0,2C72C,,10
2.02205E+12,1.80E+174,PINYIN,MAN,,4,,,56:25.0,56:25.0,,,10
2.02205E+12,1.80E+174,SPLIT,艹问,,,,,56:25.0,56:25.0,,,10
2.02205E+12,1.80E+174,SPLIT,草问,,,,,56:25.0,56:25.0,,,10
2.02205E+12,1.80E+174,TRADITIONAL,蔄,&#34052;,,,"{""ncr_code_hex"":""8504""}",56:25.0,56:25.0,8504,,10
2.02205E+12,52f09e,PUA,,,,,,56:25.0,56:25.0,,,10
2.02205E+12,52f09e,UNICODE,𫲦,&#55407;&#56486;,,,"{""ncr_code_hex"":""2BCA6""}",56:25.0,56:25.0,2BCA6,,10
2.02205E+12,52f09e,PINYIN,MAN,,3,,,56:25.0,56:25.0,,,10
2.02205E+12,52f09e,SPLIT,子兑,,,,,56:25.0,56:25.0,,,10
2.02205E+12,72757b,PUA,,,,,,56:25.0,56:25.0,,,10
2.02205E+12,72757b,UNICODE,𱂐,&#55428;&#56464;,,,"{""ncr_code_hex"":""31090""}",56:25.0,56:25.0,31090,,10
2.02205E+12,72757b,PINYIN,YUN,,4,,,56:25.0,56:25.0,,,10
2.02205E+12,72757b,SPLIT,音员,,,,,56:25.0,56:25.0,,,10
2.02205E+12,72757b,TRADITIONAL,韻,&#38907;,,,"{""ncr_code_hex"":""97FB""}",56:25.0,56:25.0,97FB,,10
2.02205E+12,72757b,TRADITIONAL,韵,&#38901;,,,"{""ncr_code_hex"":""97F5""}",56:25.0,56:25.0,97F5,,10
2.02205E+12,2006a3,PUA,,,,,,56:25.0,56:25.0,,,10
2.02205E+12,2006a3,UNICODE,𤩽,&#55378;&#56957;,,,"{""ncr_code_hex"":""24A7D""}",56:25.0,56:25.0,24A7D,,10
2.02205E+12,2006a3,PINYIN,HUAN,,2,,,56:25.0,56:25.0,,,10
2.02205E+12,2006a3,SPLIT,王献,,,,,56:25.0,56:25.0,,,10
2.02205E+12,2006a3,TRADITIONAL,瓛,&#29915;,,,"{""ncr_code_hex"":""74DB""}",56:25.0,56:25.0,74DB,,10
2.02205E+12,b93b09,PUA,,,,,,56:25.0,56:25.0,,,10
2.02205E+12,b93b09,UNICODE,㑇,&#13383;,,,"{""ncr_code_hex"":""3447""}",56:25.0,56:25.0,3447,,10
2.02205E+12,b93b09,PINYIN,ZHOU,,1,,,56:25.0,56:25.0,,,10
2.02205E+12,b93b09,SPLIT,亻刍,,,,,56:25.0,56:25.0,,,10
2.02205E+12,b93b09,SPLIT,人刍,,,,,56:25.0,56:25.0,,,10
2.02205E+12,b93b09,TRADITIONAL,媰,&#23216;,,,"{""ncr_code_hex"":""5AB0""}",56:25.0,56:25.0,5AB0,,10
2.02205E+12,b93b09,TRADITIONAL,𠋢,&#55360;&#57058;,,,"{""ncr_code_hex"":""202E2""}",56:25.0,56:25.0,2.02E+04,,10
2.02205E+12,b93b09,TRADITIONAL,㑳,&#13427;,,,"{""ncr_code_hex"":""3473""}",56:25.0,56:25.0,3473,,10
2.02205E+12,91f144,PUA,,,,,,56:25.0,56:25.0,,,10
2.02205E+12,91f144,UNICODE,𰵞,&#55427;&#56670;,,,"{""ncr_code_hex"":""30D5E""}",56:25.0,56:25.0,30D5E,,10
2.02205E+12,91f144,PINYIN,YONG,,1,,,56:25.0,56:25.0,,,10
2.02205E+12,91f144,SPLIT,讠永,,,,,56:25.0,56:25.0,,,10
2.02205E+12,91f144,SPLIT,言永,,,,,56:25.0,56:25.0,,,10
2.02205E+12,91f144,TRADITIONAL,詠,&#35424;,,,"{""ncr_code_hex"":""8A60""}",56:25.0,56:25.0,8A60,,10
2.02205E+12,91f144,TRADITIONAL,咏,&#21647;,,,"{""ncr_code_hex"":""548F""}",56:25.0,56:25.0,548F,,10
2.02205E+12,00267b,PUA,,,,,,56:25.0,56:25.0,,,10
2.02205E+12,00267b,UNICODE,𠇔,&#55360;&#56788;,,,"{""ncr_code_hex"":""201D4""}",56:25.0,56:25.0,201D4,,10
2.02205E+12,00267b,PINYIN,TUO,,1,,,56:25.0,56:25.0,,,10
2.02205E+12,00267b,SPLIT,亻毛,,,,,56:25.0,56:25.0,,,10
2.02205E+12,00267b,SPLIT,人毛,,,,,56:25.0,56:25.0,,,10
2.02205E+12,a50d8e,UNICODE,冄,&#20868;,,,"{""ncr_code_hex"":""5184""}",56:25.0,56:25.0,5184,,8
2.02205E+12,a50d8e,PINYIN,RAN,,2,,,56:25.0,56:25.0,,,8
2.02205E+12,264ae4,UNICODE,䒟,&#17567;,,,"{""ncr_code_hex"":""449F""}",56:25.0,56:25.0,449F,,8
2.02205E+12,264ae4,PINYIN,DAN,,1,,,56:25.0,56:25.0,,,8
2.02205E+12,264ae4,SPLIT,艹丹,,,,,56:25.0,56:25.0,,,8
2.02205E+12,264ae4,SPLIT,草丹,,,,,56:25.0,56:25.0,,,8
2.02205E+12,0dbd6a,PUA,,,,,,56:25.0,56:25.0,,,10
2.02205E+12,0dbd6a,UNICODE,𡛓,&#55365;&#57043;,,,"{""ncr_code_hex"":""216D3""}",56:25.0,56:25.0,216D3,,10
2.02205E+12,0dbd6a,PINYIN,RAN,,3,,,56:25.0,56:25.0,,,10
2.02205E+12,0dbd6a,SPLIT,女丹,,,,,56:25.0,56:25.0,,,10
2.02205E+12,bc8447,PUA,,,,,,56:25.0,56:25.0,,,10
2.02205E+12,bc8447,UNICODE,𡝗,&#55365;&#57175;,,,"{""ncr_code_hex"":""21757""}",56:25.0,56:25.0,21757,,10
2.02205E+12,bc8447,PINYIN,JUN,,1,,,56:25.0,56:25.0,,,10
2.02205E+12,bc8447,PINYIN,QUN,,2,,,56:25.0,56:25.0,,,10
2.02205E+12,bc8447,SPLIT,女君,,,,,56:25.0,56:25.0,,,10
2.02205E+12,f6db38,PUA,,,,,,56:25.0,56:25.0,,,10
2.02205E+12,f6db38,UNICODE,𪻐,&#55403;&#57040;,,,"{""ncr_code_hex"":""2AED0""}",56:25.0,56:25.0,2AED0,,10
2.02205E+12,f6db38,PINYIN,CONG,,1,,,56:25.0,56:25.0,,,10
2.02205E+12,f6db38,SPLIT,王从,,,,,56:25.0,56:25.0,,,10
2.02205E+12,f6db38,TRADITIONAL,瑽,&#29821;,,,"{""ncr_code_hex"":""747D""}",56:25.0,56:25.0,747D,,10
2.02205E+12,4b5c44,PUA,,,,,,56:25.0,56:25.0,,,10
2.02205E+12,4b5c44,UNICODE,𫰡,&#55407;&#56353;,,,"{""ncr_code_hex"":""2BC21""}",56:25.0,56:25.0,2BC21,,10
2.02205E+12,4b5c44,PINYIN,HUA,,4,,,56:25.0,56:25.0,,,10
2.02205E+12,4b5c44,SPLIT,女华,,,,,56:25.0,56:25.0,,,10
2.02205E+12,4b5c44,TRADITIONAL,嬅,&#23301;,,,"{""ncr_code_hex"":""5B05""}",56:25.0,56:25.0,5B05,,10
2.02205E+12,8ee75e,PUA,,,,,,56:25.0,56:25.0,,,10
2.02205E+12,8ee75e,UNICODE,䴖,&#19734;,,,"{""ncr_code_hex"":""4D16""}",56:25.0,56:25.0,4D16,,10
2.02205E+12,8ee75e,PINYIN,JING,,1,,,56:25.0,56:25.0,,,10
2.02205E+12,8ee75e,SPLIT,青鸟,,,,,56:25.0,56:25.0,,,10
2.02205E+12,8ee75e,TRADITIONAL,鶄,&#40324;,,,"{""ncr_code_hex"":""9D84""}",56:25.0,56:25.0,9D84,,10
2.02205E+12,8ee75e,TRADITIONAL,𨿬,&#55395;&#57324;,,,"{""ncr_code_hex"":""28FEC""}",56:25.0,56:25.0,28FEC,,10
2.02205E+12,b575d0,PUA,,,,,,56:25.0,56:25.0,,,10
2.02205E+12,b575d0,UNICODE,𠅤,&#55360;&#56676;,,,"{""ncr_code_hex"":""20164""}",56:25.0,56:25.0,20164,,10
2.02205E+12,b575d0,PINYIN,XI,,1,,,56:25.0,56:25.0,,,10
2.02205E+12,b575d0,SPLIT,亠思,,,,,56:25.0,56:25.0,,,10
2.02205E+12,b575d0,TRADITIONAL,惠,&#24800;,,,"{""ncr_code_hex"":""60E0""}",56:25.0,56:25.0,6.00E+01,,10
2.02205E+12,e95ed7,PUA,,,,,,56:25.0,56:25.0,,,10
2.02205E+12,e95ed7,UNICODE,𪨧,&#55402;&#56871;,,,"{""ncr_code_hex"":""2AA27""}",56:25.0,56:25.0,2AA27,,10
2.02205E+12,e95ed7,PINYIN,LUN,,2,,,56:25.0,56:25.0,,,10
2.02205E+12,e95ed7,SPLIT,山仑,,,,,56:25.0,56:25.0,,,10
2.02205E+12,e95ed7,TRADITIONAL,崙,&#23833;,,,"{""ncr_code_hex"":""5D19""}",56:25.0,56:25.0,5D19,,10
2.02205E+12,a6819c,PUA,,,,,,56:25.0,56:25.0,,,10
2.02205E+12,a6819c,UNICODE,𰎝,&#55424;&#57245;,,,"{""ncr_code_hex"":""3039D""}",56:25.0,56:25.0,3039D,,10
2.02205E+12,a6819c,PINYIN,JUN,,1,,,56:25.0,56:25.0,,,10
2.02205E+12,a6819c,PINYIN,HUN,,2,,,56:25.0,56:25.0,,,10
2.02205E+12,a6819c,SPLIT,山军,,,,,56:25.0,56:25.0,,,10
2.02205E+12,a6819c,TRADITIONAL,㟦,&#14310;,,,"{""ncr_code_hex"":""37E6""}",56:25.0,56:25.0,3.70E+07,,10
2.02205E+12,a6819c,TRADITIONAL,𡺠,&#55367;&#56992;,,,"{""ncr_code_hex"":""21EA0""}",56:25.0,56:25.0,21EA0,,10
2.02205E+12,b7232e,PUA,,,,,,56:25.0,56:25.0,,,10
2.02205E+12,b7232e,UNICODE,㺭,&#16045;,,,"{""ncr_code_hex"":""3EAD""}",56:25.0,56:25.0,3EAD,,10
2.02205E+12,b7232e,PINYIN,ZI,,3,,,56:25.0,56:25.0,,,10
2.02205E+12,b7232e,SPLIT,王子,,,,,56:25.0,56:25.0,,,10
2.02205E+12,96477d,PUA,,,,,,56:25.0,56:25.0,,,10
2.02205E+12,96477d,UNICODE,𬳳,&#55411;&#56563;,,,"{""ncr_code_hex"":""2CCF3""}",56:25.0,56:25.0,2CCF3,,10
2.02205E+12,96477d,PINYIN,FAN,,1,,,56:25.0,56:25.0,,,10
2.02205E+12,96477d,SPLIT,马风,,,,,56:25.0,56:25.0,,,10
2.02205E+12,96477d,TRADITIONAL,颿,&#39103;,,,"{""ncr_code_hex"":""98BF""}",56:25.0,56:25.0,98BF,,10
2.02205E+12,2930db,PUA,,,,,,56:25.0,56:25.0,,,10
2.02205E+12,2930db,UNICODE,𫍽,&#55404;&#57213;,,,"{""ncr_code_hex"":""2B37D""}",56:25.0,56:25.0,2B37D,,10
2.02205E+12,2930db,PINYIN,XUAN,,1,,,56:25.0,56:25.0,,,10
2.02205E+12,2930db,SPLIT,讠睘,,,,,56:25.0,56:25.0,,,10
2.02205E+12,2930db,SPLIT,言睘,,,,,56:25.0,56:25.0,,,10
2.02205E+12,2930db,TRADITIONAL,譞,&#35678;,,,"{""ncr_code_hex"":""8B5E""}",56:25.0,56:25.0,8B5E,,10
2.02205E+12,1658b6,UNICODE,禤,&#31140;,,,"{""ncr_code_hex"":""79A4""}",56:25.0,56:25.0,79A4,,8
2.02205E+12,1658b6,PINYIN,XUAN,,1,,,56:25.0,56:25.0,,,8
2.02205E+12,1658b6,SPLIT,衣四羽,,,,,56:25.0,56:25.0,,,8
2.02205E+12,c48f08,PUA,,,,,,56:25.0,56:25.0,,,10
2.02205E+12,c48f08,UNICODE,𮣳,&#55418;&#56563;,,,"{""ncr_code_hex"":""2E8F3""}",56:25.0,56:25.0,2E8F3,,10
2.02205E+12,c48f08,PINYIN,HONG,,2,,,56:25.0,56:25.0,,,10
2.02205E+12,c48f08,PINYIN,GONG,,1,,,56:25.0,56:25.0,,,10
2.02205E+12,c48f08,SPLIT,钅厷,,,,,56:25.0,56:25.0,,,10
2.02205E+12,c48f08,SPLIT,金厷,,,,,56:25.0,56:25.0,,,10
2.02205E+12,c48f08,TRADITIONAL,鈜,&#37404;,,,"{""ncr_code_hex"":""921C""}",56:25.0,56:25.0,921C,,10
2.02205E+12,ecefb5,UNICODE,晔,&#26196;,,,"{""ncr_code_hex"":""6654""}",56:25.0,56:25.0,6654,,8
2.02205E+12,ecefb5,PINYIN,YE,,4,,,56:25.0,56:25.0,,,8
2.02205E+12,ecefb5,SPLIT,日华,,,,,56:25.0,56:25.0,,,8
2.02205E+12,4b8f40,UNICODE,堃,&#22531;,,,"{""ncr_code_hex"":""5803""}",56:25.0,56:25.0,5803,,10
2.02205E+12,4b8f40,PINYIN,KUN,,1,,,56:25.0,56:25.0,,,10
2.02205E+12,4b8f40,SPLIT,方方土,,,,,56:25.0,56:25.0,,,10
2.02205E+12,1fd65a,PUA,,,,,,56:25.0,56:25.0,,,10
2.02205E+12,1fd65a,UNICODE,䜣,&#18211;,,,"{""ncr_code_hex"":""4723""}",56:25.0,56:25.0,4723,,10
2.02205E+12,1fd65a,PINYIN,XI,,1,,,56:25.0,56:25.0,,,10
2.02205E+12,1fd65a,PINYIN,XIN,,1,,,56:25.0,56:25.0,,,10
2.02205E+12,1fd65a,PINYIN,YIN,,2,,,56:25.0,56:25.0,,,10
2.02205E+12,1fd65a,SPLIT,讠斤,,,,,56:25.0,56:25.0,,,10
2.02205E+12,1fd65a,SPLIT,言斤,,,,,56:25.0,56:25.0,,,10
2.02205E+12,1fd65a,TRADITIONAL,𣃎,&#55372;&#56526;,,,"{""ncr_code_hex"":""230CE""}",56:25.0,56:25.0,230CE,,10
2.02205E+12,1fd65a,TRADITIONAL,欣,&#27427;,,,"{""ncr_code_hex"":""6B23""}",56:25.0,56:25.0,6B23,,10
2.02205E+12,1fd65a,TRADITIONAL,訢,&#35362;,,,"{""ncr_code_hex"":""8A22""}",56:25.0,56:25.0,8A22,,10
2.02205E+12,064f5d,PUA,,,,,,56:25.0,56:25.0,,,10
2.02205E+12,064f5d,UNICODE,𬴂,&#55411;&#56578;,,,"{""ncr_code_hex"":""2CD02""}",56:25.0,56:25.0,2CD02,,10
2.02205E+12,064f5d,PINYIN,FEI,,1,,,56:25.0,56:25.0,,,10
2.02205E+12,064f5d,SPLIT,马非,,,,,56:25.0,56:25.0,,,10
2.02205E+12,064f5d,TRADITIONAL,騑,&#39441;,,,"{""ncr_code_hex"":""9A11""}",56:25.0,56:25.0,9A11,,10
2.02205E+12,a74408,PUA,,,,,,56:25.0,56:25.0,,,10
2.02205E+12,a74408,UNICODE,𰤕,&#55426;&#56597;,,,"{""ncr_code_hex"":""30915""}",56:25.0,56:25.0,30915,,10
2.02205E+12,a74408,PINYIN,LI,,4,,,56:25.0,56:25.0,,,10
2.02205E+12,a74408,PINYIN,LUO,,4,,,56:25.0,56:25.0,,,10
2.02205E+12,a74408,SPLIT,白乐,,,,,56:25.0,56:25.0,,,10
2.02205E+12,a74408,TRADITIONAL,皪,&#30378;,,,"{""ncr_code_hex"":""76AA""}",56:25.0,56:25.0,76AA,,10
2.02205E+12,b3c669,PUA,,,,,,56:25.0,56:25.0,,,10
2.02205E+12,b3c669,UNICODE,𬍤,&#55408;&#57188;,,,"{""ncr_code_hex"":""2C364""}",56:25.0,56:25.0,2C364,,10
2.02205E+12,b3c669,PINYIN,XUN,,2,,,56:25.0,56:25.0,,,10
2.02205E+12,b3c669,SPLIT,王寻,,,,,56:25.0,56:25.0,,,10
2.02205E+12,b3c669,TRADITIONAL,璕,&#29845;,,,"{""ncr_code_hex"":""7495""}",56:25.0,56:25.0,7495,,10
2.02205E+12,913adc,PUA,,,,,,56:25.0,56:25.0,,,10
2.02205E+12,913adc,UNICODE,𪲔,&#55403;&#56468;,,,"{""ncr_code_hex"":""2AC94""}",56:25.0,56:25.0,2AC94,,10
2.02205E+12,913adc,PINYIN,LI,,4,,,56:25.0,56:25.0,,,10
2.02205E+12,913adc,SPLIT,木丽,,,,,56:25.0,56:25.0,,,10
2.02205E+12,913adc,TRADITIONAL,欐,&#27408;,,,"{""ncr_code_hex"":""6B10""}",56:25.0,56:25.0,6B10,,10
2.02205E+12,03e311,PUA,,,,,,56:25.0,56:25.0,,,10
2.02205E+12,03e311,UNICODE,𪿖,&#55403;&#57302;,,,"{""ncr_code_hex"":""2AFD6""}",56:25.0,56:25.0,2AFD6,,10
2.02205E+12,03e311,PINYIN,TAN,,2,,,56:25.0,56:25.0,,,10
2.02205E+12,03e311,SPLIT,石玄,,,,,56:25.0,56:25.0,,,10
2.02205E+12,9dc76c,PUA,,,,,,56:25.0,56:25.0,,,10
2.02205E+12,9dc76c,UNICODE,𨭉,&#55394;&#57161;,,,"{""ncr_code_hex"":""28B49""}",56:25.0,56:25.0,28B49,,10
2.02205E+12,9dc76c,PINYIN,BAN,,1,,,56:25.0,56:25.0,,,10
2.02205E+12,9dc76c,SPLIT,斌金,,,,,56:25.0,56:25.0,,,10
2.02205E+12,9a6923,PUA,,,,,,56:25.0,56:25.0,,,10
2.02205E+12,9a6923,UNICODE,𰾫,&#55427;&#57259;,,,"{""ncr_code_hex"":""30FAB""}",56:25.0,56:25.0,30FAB,,10
2.02205E+12,9a6923,PINYIN,JIAN,,4,,,56:25.0,56:25.0,,,10
2.02205E+12,9a6923,SPLIT,钅监,,,,,56:25.0,56:25.0,,,10
2.02205E+12,9a6923,SPLIT,金监,,,,,56:25.0,56:25.0,,,10
2.02205E+12,9a6923,TRADITIONAL,鑑,&#37969;,,,"{""ncr_code_hex"":""9451""}",56:25.0,56:25.0,9451,,10
2.02205E+12,9a6923,TRADITIONAL,鉴,&#37492;,,,"{""ncr_code_hex"":""9274""}",56:25.0,56:25.0,9274,,10
2.02205E+12,b575d0,SPLIT,二思,,,,,50:14.0,50:14.0,,,10
2.02205E+12,b575d0,SPLIT,亩心,,,,,50:14.0,50:14.0,,,10
2.02207E+12,d18a6f,PUA,,,,,,06:56.0,06:56.0,,,8
2.02207E+12,d18a6f,UNICODE,㛠,,,,,06:56.0,06:56.0,3.60E+01,,8
2.02207E+12,d18a6f,PINYIN,JIAN,,1,,,06:56.0,06:56.0,,,8
2.02207E+12,d18a6f,PINYIN,XIAN,,2,,,06:56.0,06:56.0,,,8
2.02207E+12,d18a6f,SPLIT,女间,,,,,06:56.0,06:56.0,,,8
2.02207E+12,d18a6f,TRADITIONAL,𡢃,,,,,06:56.0,06:56.0,21883,,8
2.02207E+12,5c54ef,PUA,,,,,,06:56.0,06:56.0,,,8
2.02207E+12,5c54ef,PINYIN,YANG,,2,,,06:56.0,06:56.0,,,8
2.02207E+12,5c54ef,SPLIT,风易,,,,,06:56.0,06:56.0,,,8
2.02207E+12,5c54ef,TRADITIONAL,飏,,,,,06:56.0,06:56.0,98CF,,8
2.02207E+12,5c54ef,TRADITIONAL,颺,,,,,06:56.0,06:56.0,98BA,,8
2.02207E+12,db6725,PUA,,,,,,06:56.0,06:56.0,,,8
2.02207E+12,db6725,UNICODE,𫗇,,,,,06:56.0,06:56.0,2B5C7,,8
2.02207E+12,db6725,PINYIN,YU,,4,,,06:56.0,06:56.0,,,8
2.02207E+12,db6725,PINYIN,XUE,,2,,,06:56.0,06:56.0,,,8
2.02207E+12,db6725,SPLIT,风日,,,,,06:56.0,06:56.0,,,8
2.02207E+12,db6725,TRADITIONAL,䫻,,,,,06:56.0,06:56.0,4AFB,,8
2.02207E+12,7b7ee0,PUA,,,,,,06:56.0,06:56.0,,,8
2.02207E+12,7b7ee0,UNICODE,𱃚,,,,,06:56.0,06:56.0,310DA,,8
2.02207E+12,7b7ee0,PINYIN,XIE,,2,,,06:56.0,06:56.0,,,8
2.02207E+12,7b7ee0,PINYIN,LIE,,4,,,06:56.0,06:56.0,,,8
2.02207E+12,7b7ee0,PINYIN,LI,,4,,,06:56.0,06:56.0,,,8
2.02207E+12,7b7ee0,SPLIT,风劦,,,,,06:56.0,06:56.0,,,8
2.02207E+12,7b7ee0,TRADITIONAL,䬅,,,,,06:56.0,06:56.0,4B05,,8
2.02207E+12,defed4,PUA,,,,,,06:56.0,06:56.0,,,8
2.02207E+12,defed4,SPLIT,忄风,,,,,06:56.0,06:56.0,,,8
2.02207E+12,defed4,TRADITIONAL,𢞁,,,,,06:56.0,06:56.0,22781,,8
2.02207E+12,2bce53,PUA,,,,,,06:56.0,06:56.0,,,8
2.02207E+12,2bce53,UNICODE,㐵,,,,,06:56.0,06:56.0,3435,,8
2.02207E+12,2bce53,PINYIN,RU,,2,,,06:56.0,06:56.0,,,8
2.02207E+12,2bce53,SPLIT,亻于,,,,,06:56.0,06:56.0,,,8
2.02207E+12,2bce53,TRADITIONAL,儒,,,,,06:56.0,06:56.0,5112,,8
2.02207E+12,62877c,PUA,,,,,,06:56.0,06:56.0,,,8
2.02207E+12,62877c,UNICODE,𫢒,,,,,06:56.0,06:56.0,2B892,,8
2.02207E+12,62877c,PINYIN,LONG,,2,,,06:56.0,06:56.0,,,8
2.02207E+12,62877c,PINYIN,LONG,,3,,,06:56.0,06:56.0,,,8
2.02207E+12,62877c,PINYIN,LONG,,4,,,06:56.0,06:56.0,,,8
2.02207E+12,62877c,SPLIT,亻龙,,,,,06:56.0,06:56.0,,,8
2.02207E+12,62877c,TRADITIONAL,儱,,,,,06:56.0,06:56.0,5131,,8
2.02207E+12,d4153a,PUA,,,,,,06:56.0,06:56.0,,,8
2.02207E+12,d4153a,UNICODE,𫢸,,,,,06:56.0,06:56.0,2B8B8,,8
2.02207E+12,d4153a,PINYIN,DAN,,4,,,06:56.0,06:56.0,,,8
2.02207E+12,d4153a,SPLIT,亻单,,,,,06:56.0,06:56.0,,,8
2.02207E+12,d4153a,TRADITIONAL,僤,,,,,06:56.0,06:56.0,5.00E+05,,8
2.02207E+12,cc2b4b,PUA,,,,,,06:56.0,06:56.0,,,8
2.02207E+12,cc2b4b,PINYIN,WEI,,4,,,06:56.0,06:56.0,,,8
2.02207E+12,cc2b4b,SPLIT,亻卫,,,,,06:56.0,06:56.0,,,8
2.02207E+12,cc2b4b,TRADITIONAL,卫,,,,,06:56.0,06:56.0,536B,,8
2.02207E+12,81998b,PUA,,,,,,06:56.0,06:56.0,,,8
2.02207E+12,81998b,UNICODE,㑳,,,,,06:56.0,06:56.0,3473,,8
2.02207E+12,81998b,PINYIN,ZHOU,,4,,,06:56.0,06:56.0,,,8
2.02207E+12,81998b,SPLIT,亻芻,,,,,06:56.0,06:56.0,,,8
2.02207E+12,81998b,TRADITIONAL,㑇,,,,,06:56.0,06:56.0,3447,,8
2.02207E+12,81998b,TRADITIONAL,媰,,,,,06:56.0,06:56.0,5AB0,,8
2.02207E+12,81998b,TRADITIONAL,𠋢,,,,,06:56.0,06:56.0,2.02E+04,,8
2.02207E+12,d49bf3,PUA,,,,,,06:56.0,06:56.0,,,8
2.02207E+12,d49bf3,UNICODE,𠊟,,,,,06:56.0,06:56.0,2029F,,8
2.02207E+12,d49bf3,PINYIN,MIN,,3,,,06:56.0,06:56.0,,,8
2.02207E+12,d49bf3,SPLIT,亻黾,,,,,06:56.0,06:56.0,,,8
2.02207E+12,b26bb6,PUA,,,,,,06:56.0,06:56.0,,,8
2.02207E+12,b26bb6,UNICODE,㮾,,,,,06:56.0,06:56.0,3BBE,,8
2.02207E+12,b26bb6,PINYIN,LANG,,3,,,06:56.0,06:56.0,,,8
2.02207E+12,b26bb6,SPLIT,朗木,,,,,06:56.0,06:56.0,,,8
2.02207E+12,ddf4aa,PUA,,,,,,06:56.0,06:56.0,,,8
2.02207E+12,ddf4aa,UNICODE,𣑮,,,,,06:56.0,06:56.0,2346E,,8
2.02207E+12,ddf4aa,PINYIN,NAN,,2,,,06:56.0,06:56.0,,,8
2.02207E+12,ddf4aa,SPLIT,木舟,,,,,06:56.0,06:56.0,,,8
2.02207E+12,157d20,PUA,,,,,,06:56.0,06:56.0,,,8
2.02207E+12,157d20,PINYIN,CONG,,1,,,06:56.0,06:56.0,,,8
2.02207E+12,157d20,PINYIN,ZONG,,1,,,06:56.0,06:56.0,,,8
2.02207E+12,157d20,SPLIT,木丛,,,,,06:56.0,06:56.0,,,8
2.02207E+12,157d20,TRADITIONAL,枞,,,,,06:56.0,06:56.0,679E,,8
2.02207E+12,d7bc9c,UNICODE,,,,,,06:56.0,06:56.0,E625,,8
2.02207E+12,d7bc9c,PINYIN,PENG,,1,,,06:56.0,06:56.0,,,8
2.02207E+12,d7bc9c,SPLIT,木木木木,,,,,06:56.0,06:56.0,,,8
2.02207E+12,7dee10,PUA,,,,,,06:56.0,06:56.0,,,8
2.02207E+12,7dee10,UNICODE,𡌶,,,,,06:56.0,06:56.0,21336,,8
2.02207E+12,7dee10,PINYIN,BAN,,4,,,06:56.0,06:56.0,,,8
2.02207E+12,7dee10,SPLIT,土並,,,,,06:56.0,06:56.0,,,8
2.02207E+12,da00b5,PUA,,,,,,06:56.0,06:56.0,,,8
2.02207E+12,da00b5,PINYIN,TIAN,,1,,,06:56.0,06:56.0,,,8
2.02207E+12,da00b5,SPLIT,王贞,,,,,06:56.0,06:56.0,,,8
2.02207E+12,da00b5,TRADITIONAL,𤦹,,,,,06:56.0,06:56.0,249B9,,8
2.02207E+12,5e785e,PUA,,,,,,06:56.0,06:56.0,,,8
2.02207E+12,5e785e,UNICODE,𪛞,,,,,06:56.0,06:56.0,2A6DE,,8
2.02207E+12,5e785e,PINYIN,RONG,,2,,,06:56.0,06:56.0,,,8
2.02207E+12,5e785e,SPLIT,王荣,,,,,06:56.0,06:56.0,,,8
2.02207E+12,5e785e,TRADITIONAL,𤪤,,,,,06:56.0,06:56.0,24AA4,,8
2.02207E+12,7aef30,PUA,,,,,,06:56.0,06:56.0,,,8
2.02207E+12,7aef30,PINYIN,LI,,4,,,06:56.0,06:56.0,,,8
2.02207E+12,7aef30,SPLIT,王丽,,,,,06:56.0,06:56.0,,,8
2.02207E+12,7aef30,TRADITIONAL,𤫟,,,,,06:56.0,06:56.0,24ADF,,8
2.02207E+12,65fb41,PUA,,,,,,06:56.0,06:56.0,,,8
2.02207E+12,65fb41,UNICODE,𫞦,,,,,06:56.0,06:56.0,2B7A6,,8
2.02207E+12,65fb41,PINYIN,JI,,4,,,06:56.0,06:56.0,,,8
2.02207E+12,65fb41,PINYIN,ZI,,1,,,06:56.0,06:56.0,,,8
2.02207E+12,65fb41,SPLIT,王齐,,,,,06:56.0,06:56.0,,,8
2.02207E+12,65fb41,TRADITIONAL,璾,,,,,06:56.0,06:56.0,74BE,,8
2.02207E+12,c0c451,PUA,,,,,,06:56.0,06:56.0,,,8
2.02207E+12,c0c451,PINYIN,YE,,4,,,06:56.0,06:56.0,,,8
2.02207E+12,c0c451,SPLIT,王华,,,,,06:56.0,06:56.0,,,8
2.02207E+12,c0c451,TRADITIONAL,璍,,,,,06:56.0,06:56.0,748D,,8
2.02207E+12,e581cd,PUA,,,,,,06:56.0,06:56.0,,,8
2.02207E+12,e581cd,PINYIN,YI,,2,,,06:56.0,06:56.0,,,8
2.02207E+12,e581cd,SPLIT,王臣,,,,,06:56.0,06:56.0,,,8
2.02207E+12,e581cd,TRADITIONAL,㺿,,,,,06:56.0,06:56.0,3EBF,,8
2.02207E+12,22b6df,UNICODE,㐱,,,,,06:56.0,06:56.0,3431,,8
2.02207E+12,22b6df,PINYIN,ZHEN,,1,,,06:56.0,06:56.0,,,8
2.02207E+12,75c1f2,PUA,,,,,,06:56.0,06:56.0,,,8
2.02207E+12,75c1f2,UNICODE,𫖮,,,,,06:56.0,06:56.0,2B5AE,,8
2.02207E+12,75c1f2,PINYIN,YI,,3,,,06:56.0,06:56.0,,,8
2.02207E+12,75c1f2,SPLIT,岂页,,,,,06:56.0,06:56.0,,,8
2.02207E+12,75c1f2,TRADITIONAL,𫖮,,,,,06:56.0,06:56.0,2B5AE,,8
2.02207E+12,75c1f2,TRADITIONAL,顗,,,,,06:56.0,06:56.0,9857,,8
2.02207E+12,f97ba6,PUA,,,,,,06:56.0,06:56.0,,,8
2.02207E+12,f97ba6,UNICODE,𫖯,,,,,06:56.0,06:56.0,2B5AF,,8
2.02207E+12,f97ba6,PINYIN,FU,,3,,,06:56.0,06:56.0,,,8
2.02207E+12,f97ba6,PINYIN,TAO,,1,,,06:56.0,06:56.0,,,8
2.02207E+12,f97ba6,PINYIN,TIAO4,,4,,,06:56.0,06:56.0,,,8
2.02207E+12,f97ba6,SPLIT,兆页,,,,,06:56.0,06:56.0,,,8
2.02207E+12,f97ba6,TRADITIONAL,頫,,,,,06:56.0,06:56.0,982B,,8
2.02207E+12,f97ba6,TRADITIONAL,覜,,,,,06:56.0,06:56.0,899C,,8
2.02207E+12,9.97E+31,PUA,,,,,,06:56.0,06:56.0,,,8
2.02207E+12,9.97E+31,PINYIN,XIAN,,3,,,06:56.0,06:56.0,,,8
2.02207E+12,9.97E+31,SPLIT,显页,,,,,06:56.0,06:56.0,,,8
2.02207E+12,9.97E+31,TRADITIONAL,顕,,,,,06:56.0,06:56.0,9855,,8
2.02207E+12,784534,PUA,,,,,,06:56.0,06:56.0,,,8
2.02207E+12,784534,PINYIN,XUN,,1,,,06:56.0,06:56.0,,,8
2.02207E+12,784534,SPLIT,动灬,,,,,06:56.0,06:56.0,,,8
2.02207E+12,784534,TRADITIONAL,勲,,,,,06:56.0,06:56.0,52F2,,8
2.02207E+12,c82379,PUA,,,,,,06:56.0,06:56.0,,,8
2.02207E+12,c82379,PINYIN,XUN,,1,,,06:56.0,06:56.0,,,8
2.02207E+12,c82379,SPLIT,勋灬,,,,,06:56.0,06:56.0,,,8
2.02207E+12,c82379,TRADITIONAL,𤏩,,,,,06:56.0,06:56.0,2.43E+11,,8
2.02207E+12,7e3793,PUA,,,,,,06:56.0,06:56.0,,,8
2.02207E+12,7e3793,UNICODE,䓫,,,,,06:56.0,06:56.0,44EB,,8
2.02207E+12,7e3793,PINYIN,QI,,2,,,06:56.0,06:56.0,,,8
2.02207E+12,7e3793,SPLIT,艹奇,,,,,06:56.0,06:56.0,,,8
2.02207E+12,5b55cd,UNICODE,燚,,,,,06:56.0,06:56.0,71DA,,8
2.02207E+12,5b55cd,PINYIN,YI,,4,,,06:56.0,06:56.0,,,8
2.02207E+12,5b55cd,SPLIT,火火火火,,,,,06:56.0,06:56.0,,,8
2.02207E+12,95e719,PUA,,,,,,06:56.0,06:56.0,,,8
2.02207E+12,95e719,UNICODE,𮭦,,,,,06:56.0,06:56.0,2EB66,,8
2.02207E+12,95e719,PINYIN,CHEN,,2,,,06:56.0,06:56.0,,,8
2.02207E+12,95e719,SPLIT,岑鸟,,,,,06:56.0,06:56.0,,,8
2.02207E+12,95e719,TRADITIONAL,𪁏,,,,,06:56.0,06:56.0,2A04F,,8
2.02207E+12,4e7341,PUA,,,,,,06:56.0,06:56.0,,,8
2.02207E+12,4e7341,UNICODE,䴙,,,,,06:56.0,06:56.0,4D19,,8
2.02207E+12,4e7341,PINYIN,PI,,4,,,06:56.0,06:56.0,,,8
2.02207E+12,4e7341,SPLIT,辟鸟,,,,,06:56.0,06:56.0,,,8
2.02207E+12,4e7341,TRADITIONAL,鸊,,,,,06:56.0,06:56.0,9E0A,,8
2.02207E+12,4e7341,TRADITIONAL,鷿,,,,,06:56.0,06:56.0,9DFF,,8
2.02207E+12,4e7341,TRADITIONAL,𬸯,,,,,06:56.0,06:56.0,2CE2F,,8
2.02207E+12,acae76,PUA,,,,,,06:56.0,06:56.0,,,8
2.02207E+12,acae76,UNICODE,𱉾,,,,,06:56.0,06:56.0,3127E,,8
2.02207E+12,acae76,PINYIN,JUN,,4,,,06:56.0,06:56.0,,,8
2.02207E+12,acae76,SPLIT,夋鸟,,,,,06:56.0,06:56.0,,,8
2.02207E+12,acae76,TRADITIONAL,鵕,,,,,06:56.0,06:56.0,9D55,,8
2.02207E+12,a0c29d,PUA,,,,,,06:56.0,06:56.0,,,8
2.02207E+12,a0c29d,UNICODE,䴔,,,,,06:56.0,06:56.0,4D14,,8
2.02207E+12,a0c29d,PINYIN,JIAO,,1,,,06:56.0,06:56.0,,,8
2.02207E+12,a0c29d,SPLIT,交鸟,,,,,06:56.0,06:56.0,,,8
2.02207E+12,a0c29d,TRADITIONAL,鵁,,,,,06:56.0,06:56.0,9D41,,8
2.02207E+12,a0c29d,TRADITIONAL,𩾾,,,,,06:56.0,06:56.0,29FBE,,8
2.02207E+12,b01882,PUA,,,,,,06:56.0,06:56.0,,,8
2.02207E+12,b01882,UNICODE,䝼,,,,,06:56.0,06:56.0,477C,,8
2.02207E+12,b01882,PINYIN,QING,,2,,,06:56.0,06:56.0,,,8
2.02207E+12,b01882,SPLIT,貝青,,,,,06:56.0,06:56.0,,,8
2.02207E+12,b01882,SPLIT,贝青,,,,,06:56.0,06:56.0,,,8
2.02207E+12,b01882,TRADITIONAL,䞍,,,,,06:56.0,06:56.0,478D,,8
2.02207E+12,b84eaf,PUA,,,,,,06:56.0,06:56.0,,,8
2.02207E+12,b84eaf,UNICODE,𩇕,,,,,06:56.0,06:56.0,291D5,,8
2.02207E+12,b84eaf,PINYIN,JING,,4,,,06:56.0,06:56.0,,,8
2.02207E+12,b84eaf,SPLIT,青彡,,,,,06:56.0,06:56.0,,,8
2.02207E+12,b84eaf,SPLIT,靑彡,,,,,06:56.0,06:56.0,,,8
2.02207E+12,b84eaf,TRADITIONAL,靓,,,,,06:56.0,06:56.0,9753,,8
2.02207E+12,b84eaf,TRADITIONAL,靚,,,,,06:56.0,06:56.0,975A,,8
2.02207E+12,060dd4,PUA,,,,,,06:56.0,06:56.0,,,8
2.02207E+12,060dd4,UNICODE,𬘬,,,,,06:56.0,06:56.0,2C62C,,8
2.02207E+12,060dd4,PINYIN,QING,,1,,,06:56.0,06:56.0,,,8
2.02207E+12,060dd4,PINYIN,ZHENG,,1,,,06:56.0,06:56.0,,,8
2.02207E+12,060dd4,SPLIT,纟青,,,,,06:56.0,06:56.0,,,8
2.02207E+12,060dd4,TRADITIONAL,綪,,,,,06:56.0,06:56.0,7DAA,,8
2.02207E+12,971908,PUA,,,,,,06:56.0,06:56.0,,,8
2.02207E+12,971908,UNICODE,𰵧,,,,,06:56.0,06:56.0,30D67,,8
2.02207E+12,971908,PINYIN,ZHI,,4,,,06:56.0,06:56.0,,,8
2.02207E+12,971908,SPLIT,讠志,,,,,06:56.0,06:56.0,,,8
2.02207E+12,971908,TRADITIONAL,志,,,,,06:56.0,06:56.0,5FD7,,8
2.02207E+12,971908,TRADITIONAL,誌,,,,,06:56.0,06:56.0,8A8C,,8
2.02207E+12,cd0140,PUA,,,,,,06:56.0,06:56.0,,,8
2.02207E+12,cd0140,UNICODE,𰬫,,,,,06:56.0,06:56.0,30B2B,,8
2.02207E+12,cd0140,PINYIN,ZHI,,4,,,06:56.0,06:56.0,,,8
2.02207E+12,cd0140,SPLIT,纟致,,,,,06:56.0,06:56.0,,,8
2.02207E+12,cd0140,TRADITIONAL,緻,,,,,06:56.0,06:56.0,7DFB,,8
2.02207E+12,cd0140,TRADITIONAL,致,,,,,06:56.0,06:56.0,81F4,,8
2.02207E+12,012f02,PUA,,,,,,06:56.0,06:56.0,,,8
2.02207E+12,012f02,UNICODE,㶥,,,,,06:56.0,06:56.0,3DA5,,8
2.02207E+12,012f02,PINYIN,GAN,,1,,,06:56.0,06:56.0,,,8
2.02207E+12,012f02,SPLIT,火干,,,,,06:56.0,06:56.0,,,8
2.02207E+12,2efd07,PUA,,,,,,06:56.0,06:56.0,,,8
2.02207E+12,2efd07,UNICODE,㶲,,,,,06:56.0,06:56.0,3DB2,,8
2.02207E+12,2efd07,PINYIN,YONG,,4,,,06:56.0,06:56.0,,,8
2.02207E+12,2efd07,SPLIT,火用,,,,,06:56.0,06:56.0,,,8
2.02207E+12,f0f70c,PUA,,,,,,06:56.0,06:56.0,,,8
2.02207E+12,f0f70c,UNICODE,㷧,,,,,06:56.0,06:56.0,3DE7,,8
2.02207E+12,f0f70c,PINYIN,YUAN,,2,,,06:56.0,06:56.0,,,8
2.02207E+12,f0f70c,SPLIT,火原,,,,,06:56.0,06:56.0,,,8
2.02207E+12,7f9254,PUA,,,,,,06:56.0,06:56.0,,,8
2.02207E+12,7f9254,UNICODE,𤎌,,,,,06:56.0,06:56.0,2438C,,8
2.02207E+12,7f9254,PINYIN,TANG,,2,,,06:56.0,06:56.0,,,8
2.02207E+12,7f9254,SPLIT,火堂,,,,,06:56.0,06:56.0,,,8
2.02207E+12,f76202,PUA,,,,,,06:56.0,06:56.0,,,8
2.02207E+12,f76202,UNICODE,𪸕,,,,,06:56.0,06:56.0,2AE15,,8
2.02207E+12,f76202,PINYIN,XI,,4,,,06:56.0,06:56.0,,,8
2.02207E+12,f76202,SPLIT,火气,,,,,06:56.0,06:56.0,,,8
2.02207E+12,f76202,TRADITIONAL,熂,,,,,06:56.0,06:56.0,7182,,8
2.02207E+12,0729be,PUA,,,,,,06:56.0,06:56.0,,,8
2.02207E+12,0729be,UNICODE,𬊈,,,,,06:56.0,06:56.0,2C288,,8
2.02207E+12,0729be,PINYIN,XUN,,2,,,06:56.0,06:56.0,,,8
2.02207E+12,0729be,SPLIT,火寻,,,,,06:56.0,06:56.0,,,8
2.02207E+12,0729be,TRADITIONAL,燖,,,,,06:56.0,06:56.0,71D6,,8
2.02207E+12,b443a7,PUA,,,,,,06:56.0,06:56.0,,,8
2.02207E+12,b443a7,UNICODE,𬊤,,,,,06:56.0,06:56.0,2C2A4,,8
2.02207E+12,b443a7,PINYIN,CHAN,,3,,,06:56.0,06:56.0,,,8
2.02207E+12,b443a7,PINYIN,DAN,,1,,,06:56.0,06:56.0,,,8
2.02207E+12,b443a7,PINYIN,CHAN,,4,,,06:56.0,06:56.0,,,8
2.02207E+12,b443a7,SPLIT,火单,,,,,06:56.0,06:56.0,,,8
2.02207E+12,b443a7,TRADITIONAL,燀,,,,,06:56.0,06:56.0,71C0,,8
2.02207E+12,e01b87,PUA,,,,,,06:56.0,06:56.0,,,8
2.02207E+12,e01b87,UNICODE,𫞡,,,,,06:56.0,06:56.0,2B7A1,,8
2.02207E+12,e01b87,PINYIN,RONG,,2,,,06:56.0,06:56.0,,,8
2.02207E+12,e01b87,SPLIT,火荣,,,,,06:56.0,06:56.0,,,8
2.02207E+12,e01b87,TRADITIONAL,爃,,,,,06:56.0,06:56.0,7203,,8
2.02207E+12,b0f9cb,PUA,,,,,,06:56.0,06:56.0,,,8
2.02207E+12,b0f9cb,UNICODE,𤆵,,,,,06:56.0,06:56.0,241B5,,8
2.02207E+12,b0f9cb,PINYIN,PA,,1,,,06:56.0,06:56.0,,,8
2.02207E+12,b0f9cb,SPLIT,火巴,,,,,06:56.0,06:56.0,,,8
2.02207E+12,c04d91,PUA,,,,,,06:56.0,06:56.0,,,8
2.02207E+12,c04d91,UNICODE,𫟹,,,,,06:56.0,06:56.0,2B7F9,,8
2.02207E+12,c04d91,PINYIN,HONG,,2,,,06:56.0,06:56.0,,,8
2.02207E+12,c04d91,SPLIT,钅共,,,,,06:56.0,06:56.0,,,8
2.02207E+12,c04d91,TRADITIONAL,鉷,,,,,06:56.0,06:56.0,9277,,8
2.02207E+12,2b2ec1,PUA,,,,,,06:56.0,06:56.0,,,8
2.02207E+12,2b2ec1,UNICODE,𨱇,,,,,06:56.0,06:56.0,28C47,,8
2.02207E+12,2b2ec1,PINYIN,QIU,,2,,,06:56.0,06:56.0,,,8
2.02207E+12,2b2ec1,SPLIT,钅求,,,,,06:56.0,06:56.0,,,8
2.02207E+12,2b2ec1,TRADITIONAL,銶,,,,,06:56.0,06:56.0,92B6,,8
2.02207E+12,597805,UNICODE,𡵓,,,,,06:56.0,06:56.0,21D53,,8
2.02207E+12,597805,PINYIN,HONG,,2,,,06:56.0,06:56.0,,,8
2.02207E+12,597805,SPLIT,山厷,,,,,06:56.0,06:56.0,,,8
2.02207E+12,4f3c62,UNICODE,竑,,,,,06:56.0,06:56.0,7AD1,,8
2.02207E+12,4f3c62,PINYIN,HONG,,2,,,06:56.0,06:56.0,,,8
2.02207E+12,4f3c62,SPLIT,立厷,,,,,06:56.0,06:56.0,,,8
2.02207E+12,199018,UNICODE,䫺,,,,,06:56.0,06:56.0,4AFA,,8
2.02207E+12,199018,PINYIN,HONG,,2,,,06:56.0,06:56.0,,,8
2.02207E+12,199018,PINYIN,HOU,,4,,,06:56.0,06:56.0,,,8
2.02207E+12,199018,SPLIT,厷风,,,,,06:56.0,06:56.0,,,8
2.02207E+12,7d9ae0,UNICODE,珣,,,,,06:56.0,06:56.0,7.30E+04,,8
2.02207E+12,7d9ae0,PINYIN,XUN,,2,,,06:56.0,06:56.0,,,8
2.02207E+12,7d9ae0,SPLIT,王旬,,,,,06:56.0,06:56.0,,,8
2.02207E+12,903102,UNICODE,焜,,,,,06:56.0,06:56.0,711C,,8
2.02207E+12,903102,PINYIN,KUN,,1,,,06:56.0,06:56.0,,,8
2.02207E+12,903102,SPLIT,火昆,,,,,06:56.0,06:56.0,,,8
2.02207E+12,0045c0,UNICODE,𤨾,,,,,06:56.0,06:56.0,24A3E,,8
2.02207E+12,0045c0,PINYIN,KUN,,1,,,06:56.0,06:56.0,,,8
2.02207E+12,0045c0,SPLIT,王山昆,,,,,06:56.0,06:56.0,,,8
2.02207E+12,e4ca07,PUA,,,,,,06:56.0,06:56.0,,,8
2.02207E+12,e4ca07,UNICODE,㛇,,,,,06:56.0,06:56.0,36C7,,8
2.02207E+12,e4ca07,PINYIN,ZHUANG,,1,,,06:56.0,06:56.0,,,8
2.02207E+12,e4ca07,SPLIT,女庄,,,,,06:56.0,06:56.0,,,8
2.02207E+12,ae78ce,UNICODE,琤,,,,,06:56.0,06:56.0,7424,,8
2.02207E+12,ae78ce,PINYIN,CHENG,,1,,,06:56.0,06:56.0,,,8
2.02207E+12,ae78ce,SPLIT,王争,,,,,06:56.0,06:56.0,,,8
2.02207E+12,81355f,UNICODE,玥,,,,,06:56.0,06:56.0,73A5,,8
2.02207E+12,81355f,PINYIN,YUE,,4,,,06:56.0,06:56.0,,,8
2.02207E+12,81355f,SPLIT,王月,,,,,06:56.0,06:56.0,,,8
2.02207E+12,5c4e1f,UNICODE,旻,,,,,06:56.0,06:56.0,65FB,,8
2.02207E+12,5c4e1f,PINYIN,MIN,,2,,,06:56.0,06:56.0,,,8
2.02207E+12,5c4e1f,SPLIT,日文,,,,,06:56.0,06:56.0,,,8
2.02207E+12,5b5ed6,UNICODE,䳟,,,,,06:56.0,06:56.0,4CDF,,8
2.02207E+12,5b5ed6,PINYIN,MING,,2,,,06:56.0,06:56.0,,,8
2.02207E+12,5b5ed6,SPLIT,明鸟,,,,,06:56.0,06:56.0,,,8
2.02207E+12,a70a3a,UNICODE,璟,,,,,06:56.0,06:56.0,749F,,8
2.02207E+12,a70a3a,PINYIN,JING,,3,,,06:56.0,06:56.0,,,8
2.02207E+12,a70a3a,SPLIT,王景,,,,,06:56.0,06:56.0,,,8
2.02207E+12,5921bf,PUA,,,,,,06:56.0,06:56.0,,,8
2.02207E+12,5921bf,PINYIN,RONG,,2,,,06:56.0,06:56.0,,,8
2.02207E+12,5921bf,SPLIT,钅荣,,,,,06:56.0,06:56.0,,,8
2.02207E+12,5921bf,SPLIT,金荣,,,,,06:56.0,06:56.0,,,8
2.02207E+12,5921bf,TRADITIONAL,鑅,,,,,06:56.0,06:56.0,9445,,8
2.02207E+12,7cb879,PUA,,,,,,06:56.0,06:56.0,,,8
2.02207E+12,7cb879,UNICODE,𤧞,,,,,06:56.0,06:56.0,249DE,,8
2.02207E+12,7cb879,PINYIN,MEI,,3,,,06:56.0,06:56.0,,,8
2.02207E+12,7cb879,SPLIT,王美,,,,,06:56.0,06:56.0,,,8
2.02207E+12,6b0040,UNICODE,垚,,,,,06:56.0,06:56.0,579A,,8
2.02207E+12,6b0040,PINYIN,YAO,,2,,,06:56.0,06:56.0,,,8
2.02207E+12,6b0040,SPLIT,土土土,,,,,06:56.0,06:56.0,,,8
2.02207E+12,0ce2a5,PUA,,,,,,06:56.0,06:56.0,,,8
2.02207E+12,0ce2a5,UNICODE,𫘧,,,,,06:56.0,06:56.0,2B627,,8
2.02207E+12,0ce2a5,PINYIN,LU,,4,,,06:56.0,06:56.0,,,8
2.02207E+12,0ce2a5,SPLIT,马录,,,,,06:56.0,06:56.0,,,8
2.02207E+12,0ce2a5,TRADITIONAL,騄,,,,,06:56.0,06:56.0,9A04,,8
2.02207E+12,774a78,PUA,,,,,,06:56.0,06:56.0,,,8
2.02207E+12,774a78,UNICODE,㭎,,,,,06:56.0,06:56.0,3B4E,,8
2.02207E+12,774a78,PINYIN,GANG,,1,,,06:56.0,06:56.0,,,8
2.02207E+12,774a78,SPLIT,木冈,,,,,06:56.0,06:56.0,,,8
2.02207E+12,774a78,TRADITIONAL,棡,,,,,06:56.0,06:56.0,6.80E+02,,8
2.02207E+12,30b346,PUA,,,,,,06:56.0,06:56.0,,,8
2.02207E+12,30b346,UNICODE,㧏,,,,,06:56.0,06:56.0,39CF,,8
2.02207E+12,30b346,PINYIN,GANG,,1,,,06:56.0,06:56.0,,,8
2.02207E+12,30b346,SPLIT,扌冈,,,,,06:56.0,06:56.0,,,8
2.02207E+12,30b346,TRADITIONAL,掆,,,,,06:56.0,06:56.0,6386,,8
2.02207E+12,a37b92,UNICODE,,,,,,06:56.0,06:56.0,284C8,,8
2.02207E+12,a37b92,PINYIN,KUO,,4,,,06:56.0,06:56.0,,,8
2.02207E+12,121889,UNICODE,煇,,,,,06:56.0,06:56.0,7147,,8
2.02207E+12,121889,PINYIN,HUI,,1,,,06:56.0,06:56.0,,,8
2.02207E+12,121889,PINYIN,YUN4,,4,,,06:56.0,06:56.0,,,8
2.02207E+12,121889,PINYIN,XUN,,1,,,06:56.0,06:56.0,,,8
2.02207E+12,121889,SPLIT,火军,,,,,06:56.0,06:56.0,,,8
2.02207E+12,82846f,PUA,,,,,,06:56.0,06:56.0,,,8
2.02207E+12,82846f,UNICODE,㧑,,,,,06:56.0,06:56.0,39D1,,8
2.02207E+12,82846f,PINYIN,HUI,,1,,,06:56.0,06:56.0,,,8
2.02207E+12,82846f,SPLIT,扌为,,,,,06:56.0,06:56.0,,,8
2.02207E+12,82846f,TRADITIONAL,撝,,,,,06:56.0,06:56.0,649D,,8
2.02207E+12,2baf46,UNICODE,彧,,,,,06:56.0,06:56.0,5F67,,8
2.02207E+12,2baf46,PINYIN,YU,,4,,,06:56.0,06:56.0,,,8
2.02207E+12,72ddd3,UNICODE,𨰻,,,,,06:56.0,06:56.0,28C3B,,8
2.02207E+12,72ddd3,PINYIN,YU,,4,,,06:56.0,06:56.0,,,8
2.02207E+12,72ddd3,SPLIT,金金金金,,,,,06:56.0,06:56.0,,,8
2.02207E+12,dd3cd3,PUA,,,,,,06:56.0,06:56.0,,,8
2.02207E+12,dd3cd3,UNICODE,𤰉,,,,,06:56.0,06:56.0,24C09,,8
2.02207E+12,dd3cd3,PINYIN,LA,,2,,,06:56.0,06:56.0,,,8
2.02207E+12,dd3cd3,PINYIN,YONG,,1,,,06:56.0,06:56.0,,,8
2.02207E+12,dd3cd3,SPLIT,足用,,,,,06:56.0,06:56.0,,,8
2.02207E+12,f78a86,PUA,,,,,,06:56.0,06:56.0,,,8
2.02207E+12,f78a86,UNICODE,𤰙,,,,,06:56.0,06:56.0,24C19,,8
2.02207E+12,f78a86,PINYIN,LA,,1,,,06:56.0,06:56.0,,,8
2.02207E+12,f78a86,PINYIN,GE,,2,,,06:56.0,06:56.0,,,8
2.02207E+12,f78a86,PINYIN,KE,,1,,,06:56.0,06:56.0,,,8
2.02207E+12,f78a86,SPLIT,九田,,,,,06:56.0,06:56.0,,,8
2.02207E+12,9def2c,PUA,,,,,,06:56.0,06:56.0,,,8
2.02207E+12,9def2c,UNICODE,𠡠,,,,,06:56.0,06:56.0,20860,,8
2.02207E+12,9def2c,PINYIN,CHI,,1,,,06:56.0,06:56.0,,,8
2.02207E+12,9def2c,SPLIT,来力,,,,,06:56.0,06:56.0,,,8
2.02207E+12,9def2c,TRADITIONAL,㩽,,,,,06:56.0,06:56.0,3A7D,,8
2.02207E+12,9def2c,TRADITIONAL,勑,,,,,06:56.0,06:56.0,52D1,,8
2.02207E+12,dbf23c,PUA,,,,,,06:56.0,06:56.0,,,8
2.02207E+12,dbf23c,UNICODE,𫝫,,,,,06:56.0,06:56.0,2B76B,,8
2.02207E+12,dbf23c,PINYIN,LAI,,1,,,06:56.0,06:56.0,,,8
2.02207E+12,dbf23c,PINYIN,LAI,,4,,,06:56.0,06:56.0,,,8
2.02207E+12,dbf23c,SPLIT,女来,,,,,06:56.0,06:56.0,,,8
2.02207E+12,dbf23c,TRADITIONAL,婡,,,,,06:56.0,06:56.0,5A61,,8
2.02207E+12,2da6b3,PUA,,,,,,06:56.0,06:56.0,,,8
2.02207E+12,2da6b3,UNICODE,㙟,,,,,06:56.0,06:56.0,365F,,8
2.02207E+12,2da6b3,PINYIN,LANG,,3,,,06:56.0,06:56.0,,,8
2.02207E+12,2da6b3,SPLIT,土朗,,,,,06:56.0,06:56.0,,,8
2.02207E+12,2da6b3,TRADITIONAL,塱,,,,,06:56.0,06:56.0,5871,,8
2.02207E+12,081b01,PUA,,,,,,06:56.0,06:56.0,,,8
2.02207E+12,081b01,UNICODE,𰵝,,,,,06:56.0,06:56.0,30D5D,,8
2.02207E+12,081b01,PINYIN,HE,,2,,,06:56.0,06:56.0,,,8
2.02207E+12,081b01,SPLIT,讠禾,,,,,06:56.0,06:56.0,,,8
2.02207E+12,081b01,TRADITIONAL,訸,,,,,06:56.0,06:56.0,8A38,,8
2.02207E+12,2e2e4f,PUA,,,,,,06:56.0,06:56.0,,,8
2.02207E+12,2e2e4f,UNICODE,䄻,,,,,06:56.0,06:56.0,413B,,8
2.02207E+12,2e2e4f,PINYIN,CHAO,,2,,,06:56.0,06:56.0,,,8
2.02207E+12,2e2e4f,PINYIN,TAO,,2,,,06:56.0,06:56.0,,,8
2.02207E+12,2e2e4f,PINYIN,ZHAO,,4,,,06:56.0,06:56.0,,,8
2.02207E+12,2e2e4f,SPLIT,禾兆,,,,,06:56.0,06:56.0,,,8
2.02207E+12,2e2e4f,TRADITIONAL,𥟯,,,,,06:56.0,06:56.0,257EF,,8
2.02207E+12,8eff88,PUA,,,,,,06:56.0,06:56.0,,,8
2.02207E+12,8eff88,UNICODE,𤧟,,,,,06:56.0,06:56.0,249DF,,8
2.02207E+12,8eff88,PINYIN,TING,,2,,,06:56.0,06:56.0,,,8
2.02207E+12,8eff88,SPLIT,王亭,,,,,06:56.0,06:56.0,,,8
2.02207E+12,7fd1d4,UNICODE,䁎,,,,,06:56.0,06:56.0,404E,,8
2.02207E+12,7fd1d4,PINYIN,TING,,2,,,06:56.0,06:56.0,,,8
2.02207E+12,7fd1d4,PINYIN,CHENG,,2,,,06:56.0,06:56.0,,,8
2.02207E+12,7fd1d4,SPLIT,目亭,,,,,06:56.0,06:56.0,,,8
2.02207E+12,36d00c,UNICODE,㚢,,,,,06:56.0,06:56.0,36A2,,8
2.02207E+12,36d00c,PINYIN,NV,,3,,,06:56.0,06:56.0,,,8
2.02207E+12,36d00c,PINYIN,NU,,2,,,06:56.0,06:56.0,,,8
2.02207E+12,36d00c,PINYIN,WU,,3,,,06:56.0,06:56.0,,,8
2.02207E+12,36d00c,SPLIT,亻女,,,,,06:56.0,06:56.0,,,8
2.02207E+12,85360b,PUA,,,,,,06:56.0,06:56.0,,,8
2.02207E+12,85360b,UNICODE,𫔭,,,,,06:56.0,06:56.0,2B52D,,8
2.02207E+12,85360b,PINYIN,KAI,,1,,,06:56.0,06:56.0,,,8
2.02207E+12,85360b,SPLIT,门开,,,,,06:56.0,06:56.0,,,8
2.02207E+12,85360b,TRADITIONAL,開,,,,,06:56.0,06:56.0,958B,,8
2.02207E+12,85360b,TRADITIONAL,开,,,,,06:56.0,06:56.0,5F00,,8
2.02207E+12,b47214,PUA,,,,,,06:56.0,06:56.0,,,8
2.02207E+12,b47214,UNICODE,𬮿,,,,,06:56.0,06:56.0,2CBBF,,8
2.02207E+12,b47214,PINYIN,AI,,2,,,06:56.0,06:56.0,,,8
2.02207E+12,b47214,PINYIN,QI,,1,,,06:56.0,06:56.0,,,8
2.02207E+12,b47214,PINYIN,GAI,,1,,,06:56.0,06:56.0,,,8
2.02207E+12,b47214,SPLIT,阝岂,,,,,06:56.0,06:56.0,,,8
2.02207E+12,b47214,TRADITIONAL,隑,,,,,06:56.0,06:56.0,9691,,8
2.02207E+12,fa6662,UNICODE,㢨,,,,,06:56.0,06:56.0,38A8,,8
2.02207E+12,fa6662,PINYIN,HAN,,4,,,06:56.0,06:56.0,,,8
2.02207E+12,fa6662,SPLIT,弓干,,,,,06:56.0,06:56.0,,,8
2.02207E+12,9bb1f9,UNICODE,𫘛,,,,,06:56.0,06:56.0,2B61B,,8
2.02207E+12,9bb1f9,PINYIN,HAN,,4,,,06:56.0,06:56.0,,,8
2.02207E+12,9bb1f9,PINYIN,HAN,,2,,,06:56.0,06:56.0,,,8
2.02207E+12,9bb1f9,SPLIT,马干,,,,,06:56.0,06:56.0,,,8
2.02207E+12,97fa5d,UNICODE,𤆬,,,,,06:56.0,06:56.0,241AC,,8
2.02207E+12,97fa5d,PINYIN,QU,,3,,,06:56.0,06:56.0,,,8
2.02207E+12,97fa5d,SPLIT,毛灬,,,,,06:56.0,06:56.0,,,8
2.02207E+12,94faf7,PUA,,,,,,06:56.0,06:56.0,,,8
2.02207E+12,94faf7,UNICODE,𪨰,,,,,06:56.0,06:56.0,2AA30,,8
2.02207E+12,94faf7,PINYIN,QU,,1,,,06:56.0,06:56.0,,,8
2.02207E+12,94faf7,SPLIT,山曲,,,,,06:56.0,06:56.0,,,8
2.02207E+12,3b3969,PUA,,,,,,06:56.0,06:56.0,,,8
2.02207E+12,3b3969,UNICODE,𪜔,,,,,06:56.0,06:56.0,2A714,,8
2.02207E+12,3b3969,PINYIN,QU,,3,,,06:56.0,06:56.0,,,8
2.02207E+12,3b3969,SPLIT,九曲,,,,,06:56.0,06:56.0,,,8
2.02207E+12,a5f3cc,PUA,,,,,,06:56.0,06:56.0,,,8
2.02207E+12,a5f3cc,PINYIN,LIAN4,,4,,,06:56.0,06:56.0,,,8
2.02207E+12,a5f3cc,TRADITIONAL,鍊,,,,,06:56.0,06:56.0,934A,,8
2.02207E+12,d7d7b1,UNICODE,樑,,,,,06:56.0,06:56.0,6A11,,8
2.02207E+12,d7d7b1,PINYIN,LIANG,,1,,,06:56.0,06:56.0,,,8
2.02207E+12,17d572,PUA,,,,,,06:56.0,06:56.0,,,8
2.02207E+12,17d572,UNICODE,𬴀,,,,,06:56.0,06:56.0,2CD00,,8
2.02207E+12,17d572,PINYIN,LIANG,,2,,,06:56.0,06:56.0,,,8
2.02207E+12,17d572,SPLIT,马良,,,,,06:56.0,06:56.0,,,8
2.02207E+12,17d572,TRADITIONAL,駺,,,,,06:56.0,06:56.0,99FA,,8
2.02207E+12,f96822,PUA,,,,,,06:56.0,06:56.0,,,8
2.02207E+12,f96822,UNICODE,𬤐,,,,,06:56.0,06:56.0,2C910,,8
2.02207E+12,f96822,PINYIN,GE,,1,,,06:56.0,06:56.0,,,8
2.02207E+12,f96822,SPLIT,讠哥,,,,,06:56.0,06:56.0,,,8
2.02207E+12,f96822,TRADITIONAL,謌,,,,,06:56.0,06:56.0,8B0C,,8
2.02207E+12,f96822,TRADITIONAL,歌,,,,,06:56.0,06:56.0,6B4C,,8
2.02207E+12,d1508c,PUA,,,,,,06:56.0,06:56.0,,,8
2.02207E+12,d1508c,PINYIN,GE,,1,,,06:56.0,06:56.0,,,8
2.02207E+12,d1508c,SPLIT,王哥,,,,,06:56.0,06:56.0,,,8
2.02207E+12,755ea6,PUA,,,,,,06:56.0,06:56.0,,,8
2.02207E+12,755ea6,UNICODE,𬮤,,,,,06:56.0,06:56.0,2CBA4,,8
2.02207E+12,755ea6,PINYIN,XIA,,2,,,06:56.0,06:56.0,,,8
2.02207E+12,755ea6,PINYIN,GE,,2,,,06:56.0,06:56.0,,,8
2.02207E+12,755ea6,PINYIN,HE,,2,,,06:56.0,06:56.0,,,8
2.02207E+12,755ea6,SPLIT,门合,,,,,06:56.0,06:56.0,,,8
2.02207E+12,755ea6,TRADITIONAL,閤,,,,,06:56.0,06:56.0,95A4,,8
2.02207E+12,7e4d31,PUA,,,,,,06:56.0,06:56.0,,,8
2.02207E+12,7e4d31,UNICODE,𬮦,,,,,06:56.0,06:56.0,2CBA6,,8
2.02207E+12,7e4d31,PINYIN,GUAN,,1,,,06:56.0,06:56.0,,,8
2.02207E+12,7e4d31,SPLIT,门关,,,,,06:56.0,06:56.0,,,8
2.02207E+12,7e4d31,TRADITIONAL,関,,,,,06:56.0,06:56.0,95A2,,8
2.02207E+12,12f378,PUA,,,,,,06:56.0,06:56.0,,,8
2.02207E+12,12f378,UNICODE,𬭚,,,,,06:56.0,06:56.0,2CB5A,,8
2.02207E+12,12f378,PINYIN,CHUN,,2,,,06:56.0,06:56.0,,,8
2.02207E+12,12f378,SPLIT,钅享,,,,,06:56.0,06:56.0,,,8
2.02207E+12,12f378,TRADITIONAL,錞,,,,,06:56.0,06:56.0,931E,,8
2.02207E+12,e0c603,PUA,,,,,,06:56.0,06:56.0,,,8
2.02207E+12,e0c603,UNICODE,䵍,,,,,06:56.0,06:56.0,4D4D,,8
2.02207E+12,e0c603,PINYIN,TUN,,2,,,06:56.0,06:56.0,,,8
2.02207E+12,e0c603,SPLIT,黄享,,,,,06:56.0,06:56.0,,,8
2.02207E+12,e0c603,TRADITIONAL,𪏆,,,,,06:56.0,06:56.0,2A3C6,,8
2.02207E+12,6cf248,PUA,,,,,,06:56.0,06:56.0,,,8
2.02207E+12,6cf248,UNICODE,䴓,,,,,06:56.0,06:56.0,4D13,,8
2.02207E+12,6cf248,PINYIN,SHI,,1,,,06:56.0,06:56.0,,,8
2.02207E+12,6cf248,SPLIT,帀鸟,,,,,06:56.0,06:56.0,,,8
2.02207E+12,6cf248,TRADITIONAL,鳾,,,,,06:56.0,06:56.0,9CFE,,8
2.02207E+12,6cf248,TRADITIONAL,鶳,,,,,06:56.0,06:56.0,9DB3,,8
2.02207E+12,6cf248,TRADITIONAL,𩿐,,,,,06:56.0,06:56.0,29FD0,,8
2.02207E+12,5552a2,UNICODE,𣛮,,,,,06:56.0,06:56.0,236EE,,8
2.02207E+12,5552a2,PINYIN,SHENG,,1,,,06:56.0,06:56.0,,,8
2.02207E+12,5552a2,SPLIT,木盛,,,,,06:56.0,06:56.0,,,8
2.02207E+12,f80e2f,PUA,,,,,,06:56.0,06:56.0,,,8
2.02207E+12,f80e2f,UNICODE,𢒉,,,,,06:56.0,06:56.0,22489,,8
2.02207E+12,f80e2f,PINYIN,SHAN,,3,,,06:56.0,06:56.0,,,8
2.02207E+12,f80e2f,SPLIT,彡且,,,,,06:56.0,06:56.0,,,8
2.02207E+12,0b35aa,PUA,,,,,,06:56.0,06:56.0,,,8
2.02207E+12,0b35aa,UNICODE,𬬺,,,,,06:56.0,06:56.0,2CB3A,,8
2.02207E+12,0b35aa,PINYIN,CHU,,2,,,06:56.0,06:56.0,,,8
2.02207E+12,0b35aa,PINYIN,ZU,,1,,,06:56.0,06:56.0,,,8
2.02207E+12,0b35aa,PINYIN,JU,,3,,,06:56.0,06:56.0,,,8
2.02207E+12,0b35aa,PINYIN,XU,,2,,,06:56.0,06:56.0,,,8
2.02207E+12,0b35aa,SPLIT,钅且,,,,,06:56.0,06:56.0,,,8
2.02207E+12,0b35aa,TRADITIONAL,鉏,,,,,06:56.0,06:56.0,924F,,8
2.02207E+12,5ab6cf,PUA,,,,,,06:56.0,06:56.0,,,8
2.02207E+12,5ab6cf,UNICODE,𬞟,,,,,06:56.0,06:56.0,2C79F,,8
2.02207E+12,5ab6cf,PINYIN,PIN,,2,,,06:56.0,06:56.0,,,8
2.02207E+12,5ab6cf,PINYIN,PING,,2,,,06:56.0,06:56.0,,,8
2.02207E+12,5ab6cf,SPLIT,艹频,,,,,06:56.0,06:56.0,,,8
2.02207E+12,5ab6cf,TRADITIONAL,蘋,,,,,06:56.0,06:56.0,860B,,8
2.02207E+12,5ab6cf,TRADITIONAL,苹,,,,,06:56.0,06:56.0,82F9,,8
2.02207E+12,18f13e,PUA,,,,,,06:56.0,06:56.0,,,8
2.02207E+12,18f13e,UNICODE,𬍡,,,,,06:56.0,06:56.0,2C361,,8
2.02207E+12,18f13e,PINYIN,DANG,,4,,,06:56.0,06:56.0,,,8
2.02207E+12,18f13e,SPLIT,汤玉,,,,,06:56.0,06:56.0,,,8
2.02207E+12,18f13e,TRADITIONAL,璗,,,,,06:56.0,06:56.0,7497,,8
2.02207E+12,61fbef,PUA,,,,,,06:56.0,06:56.0,,,8
2.02207E+12,61fbef,PINYIN,QI,,3,,,06:56.0,06:56.0,,,8
2.02207E+12,61fbef,SPLIT,啟口,,,,,06:56.0,06:56.0,,,8
2.02207E+12,61fbef,TRADITIONAL,启,,,,,06:56.0,06:56.0,542F,,8
2.02207E+12,61fbef,TRADITIONAL,啟,,,,,06:56.0,06:56.0,555F,,8
2.02207E+12,57a0a1,PUA,,,,,,06:56.0,06:56.0,,,8
2.02207E+12,57a0a1,UNICODE,𪠽,,,,,06:56.0,06:56.0,2A83D,,8
2.02207E+12,57a0a1,PINYIN,DANG,,1,,,06:56.0,06:56.0,,,8
2.02207E+12,57a0a1,SPLIT,口当,,,,,06:56.0,06:56.0,,,8
2.02207E+12,57a0a1,TRADITIONAL,噹,,,,,06:56.0,06:56.0,5679,,8
2.02207E+12,57a0a1,TRADITIONAL,当,,,,,06:56.0,06:56.0,5F53,,8
2.02207E+12,50d365,UNICODE,㗊,,,,,06:56.0,06:56.0,35CA,,8
2.02207E+12,50d365,PINYIN,LEI,,2,,,06:56.0,06:56.0,,,8
2.02207E+12,50d365,PINYIN,JI,,2,,,06:56.0,06:56.0,,,8
2.02207E+12,cd99fb,PUA,,,,,,06:56.0,06:56.0,,,8
2.02207E+12,cd99fb,UNICODE,㞧,,,,,06:56.0,06:56.0,37A7,,8
2.02207E+12,cd99fb,PINYIN,HUI,,4,,,06:56.0,06:56.0,,,8
2.02207E+12,cd99fb,SPLIT,山乃,,,,,06:56.0,06:56.0,,,8
2.02207E+12,cd99fb,TRADITIONAL,會,,,,,06:56.0,06:56.0,6703,,8
2.02207E+12,cd99fb,TRADITIONAL,会,,,,,06:56.0,06:56.0,4F1A,,8
2.02207E+12,752b10,PUA,,,,,,06:56.0,06:56.0,,,8
2.02207E+12,752b10,UNICODE,㞭,,,,,06:56.0,06:56.0,37AD,,8
2.02207E+12,752b10,PINYIN,DAI,,2,,,06:56.0,06:56.0,,,8
2.02207E+12,752b10,SPLIT,大山,,,,,06:56.0,06:56.0,,,8
2.02207E+12,daba78,PUA,,,,,,06:56.0,06:56.0,,,8
2.02207E+12,daba78,UNICODE,𡷫,,,,,06:56.0,06:56.0,21DEB,,8
2.02207E+12,daba78,PINYIN,CHENG,,2,,,06:56.0,06:56.0,,,8
2.02207E+12,daba78,SPLIT,山成,,,,,06:56.0,06:56.0,,,8
2.02207E+12,593f33,PUA,,,,,,06:56.0,06:56.0,,,8
2.02207E+12,593f33,UNICODE,𫵷,,,,,06:56.0,06:56.0,2BD77,,8
2.02207E+12,593f33,PINYIN,LAI,,4,,,06:56.0,06:56.0,,,8
2.02207E+12,593f33,PINYIN,LI,,4,,,06:56.0,06:56.0,,,8
2.02207E+12,593f33,SPLIT,山历,,,,,06:56.0,06:56.0,,,8
2.02207E+12,593f33,TRADITIONAL,㠣,,,,,06:56.0,06:56.0,3823,,8
2.02207E+12,d98817,PUA,,,,,,06:56.0,06:56.0,,,8
2.02207E+12,d98817,UNICODE,𰎠,,,,,06:56.0,06:56.0,303A0,,8
2.02207E+12,d98817,PINYIN,YAN,,2,,,06:56.0,06:56.0,,,8
2.02207E+12,d98817,SPLIT,山严,,,,,06:56.0,06:56.0,,,8
2.02207E+12,d98817,TRADITIONAL,𪨷,,,,,06:56.0,06:56.0,2AA37,,8
2.02207E+12,d98817,TRADITIONAL,巖,,,,,06:56.0,06:56.0,5DD6,,8
2.02207E+12,22759d,PUA,,,,,,06:56.0,06:56.0,,,8
2.02207E+12,22759d,UNICODE,𪨶,,,,,06:56.0,06:56.0,2AA36,,8
2.02207E+12,22759d,PINYIN,SHE,,1,,,06:56.0,06:56.0,,,8
2.02207E+12,22759d,SPLIT,山大车,,,,,06:56.0,06:56.0,,,8
2.02207E+12,22759d,TRADITIONAL,輋,,,,,06:56.0,06:56.0,8F0B,,8
2.02207E+12,974f5d,PUA,,,,,,06:56.0,06:56.0,,,8
2.02207E+12,974f5d,UNICODE,𪩘,,,,,06:56.0,06:56.0,2AA58,,8
2.02207E+12,974f5d,PINYIN,YAN,,3,,,06:56.0,06:56.0,,,8
2.02207E+12,974f5d,SPLIT,山献,,,,,06:56.0,06:56.0,,,8
2.02207E+12,974f5d,TRADITIONAL,巘,,,,,06:56.0,06:56.0,5DD8,,8
2.02207E+12,278c8f,PUA,,,,,,06:56.0,06:56.0,,,8
2.02207E+12,278c8f,UNICODE,𬍑,,,,,06:56.0,06:56.0,2C351,,8
2.02207E+12,278c8f,PINYIN,SHAN,,1,,,06:56.0,06:56.0,,,8
2.02207E+12,c9cc46,PUA,,,,,,06:56.0,06:56.0,,,8
2.02207E+12,c9cc46,UNICODE,𫵳,,,,,06:56.0,06:56.0,2BD73,,8
2.02207E+12,c9cc46,PINYIN,JI,,1,,,06:56.0,06:56.0,,,8
2.02207E+12,c9cc46,SPLIT,山几,,,,,06:56.0,06:56.0,,,8
2.02207E+12,c9cc46,TRADITIONAL,𫵳,,,,,06:56.0,06:56.0,2BD73,,8
2.02207E+12,fa95d0,PUA,,,,,,06:56.0,06:56.0,,,8
2.02207E+12,fa95d0,UNICODE,𡹇,,,,,06:56.0,06:56.0,2.10E+48,,8
2.02207E+12,fa95d0,PINYIN,LIN,,2,,,06:56.0,06:56.0,,,8
2.02207E+12,fa95d0,SPLIT,山林,,,,,06:56.0,06:56.0,,,8
2.02207E+12,24acd3,PUA,,,,,,06:56.0,06:56.0,,,8
2.02207E+12,24acd3,UNICODE,𰎐,,,,,06:56.0,06:56.0,30390,,8
2.02207E+12,24acd3,PINYIN,LU,,2,,,06:56.0,06:56.0,,,8
2.02207E+12,24acd3,SPLIT,山卢,,,,,06:56.0,06:56.0,,,8
2.02207E+12,24acd3,TRADITIONAL,㠠,,,,,06:56.0,06:56.0,3820,,8
2.02207E+12,80d8d5,PUA,,,,,,06:56.0,06:56.0,,,8
2.02207E+12,80d8d5,UNICODE,𡸃,,,,,06:56.0,06:56.0,2.10E+04,,8
2.02207E+12,80d8d5,PINYIN,QIAN,,1,,,06:56.0,06:56.0,,,8
2.02207E+12,80d8d5,SPLIT,山佥,,,,,06:56.0,06:56.0,,,8
2.02207E+12,80d8d5,TRADITIONAL,𡽗,,,,,06:56.0,06:56.0,21F57,,8
2.02207E+12,33ea1d,PUA,,,,,,06:56.0,06:56.0,,,8
2.02207E+12,33ea1d,UNICODE,㳇,,,,,06:56.0,06:56.0,3CC7,,8
2.02207E+12,33ea1d,PINYIN,FU,,2,,,06:56.0,06:56.0,,,8
2.02207E+12,33ea1d,PINYIN,FU,,4,,,06:56.0,06:56.0,,,8
2.02207E+12,33ea1d,SPLIT,氵父,,,,,06:56.0,06:56.0,,,8
2.02207E+12,205583,PUA,,,,,,06:56.0,06:56.0,,,8
2.02207E+12,205583,UNICODE,𣲘,,,,,06:56.0,06:56.0,23C98,,8
2.02207E+12,205583,PINYIN,WU,,3,,,06:56.0,06:56.0,,,8
2.02207E+12,205583,SPLIT,氵无,,,,,06:56.0,06:56.0,,,8
2.02207E+12,205583,TRADITIONAL,潕,,,,,06:56.0,06:56.0,6F55,,8
2.02207E+12,1c3f6b,PUA,,,,,,06:56.0,06:56.0,,,8
2.02207E+12,1c3f6b,UNICODE,𬇕,,,,,06:56.0,06:56.0,2C1D5,,8
2.02207E+12,1c3f6b,PINYIN,WAN,,4,,,06:56.0,06:56.0,,,8
2.02207E+12,1c3f6b,PINYIN,MAN,,4,,,06:56.0,06:56.0,,,8
2.02207E+12,1c3f6b,SPLIT,氵万,,,,,06:56.0,06:56.0,,,8
2.02207E+12,1c3f6b,TRADITIONAL,澫,,,,,06:56.0,06:56.0,6FAB,,8
2.02207E+12,816ac4,PUA,,,,,,06:56.0,06:56.0,,,8
2.02207E+12,816ac4,UNICODE,𬇙,,,,,06:56.0,06:56.0,2C1D9,,8
2.02207E+12,816ac4,PINYIN,PEI,,4,,,06:56.0,06:56.0,,,8
2.02207E+12,816ac4,SPLIT,氵贝,,,,,06:56.0,06:56.0,,,8
2.02207E+12,816ac4,TRADITIONAL,浿,,,,,06:56.0,06:56.0,6D7F,,8
2.02207E+12,2528dd,PUA,,,,,,06:56.0,06:56.0,,,8
2.02207E+12,2528dd,UNICODE,𰛥,,,,,06:56.0,06:56.0,3.06E+07,,8
2.02207E+12,2528dd,PINYIN,AI,,2,,,06:56.0,06:56.0,,,8
2.02207E+12,2528dd,SPLIT,氵岂,,,,,06:56.0,06:56.0,,,8
2.02207E+12,2528dd,TRADITIONAL,溰,,,,,06:56.0,06:56.0,6EB0,,8
2.02207E+12,0f89b2,PUA,,,,,,06:56.0,06:56.0,,,8
2.02207E+12,0f89b2,UNICODE,𬇹,,,,,06:56.0,06:56.0,2C1F9,,8
2.02207E+12,0f89b2,PINYIN,GUO,,2,,,06:56.0,06:56.0,,,8
2.02207E+12,0f89b2,SPLIT,氵国,,,,,06:56.0,06:56.0,,,8
2.02207E+12,0f89b2,TRADITIONAL,漍,,,,,06:56.0,06:56.0,6F0D,,8
2.02207E+12,6e9449,PUA,,,,,,06:56.0,06:56.0,,,8
2.02207E+12,6e9449,UNICODE,㳠,,,,,06:56.0,06:56.0,3CE0,,8
2.02207E+12,6e9449,PINYIN,TA,,4,,,06:56.0,06:56.0,,,8
2.02207E+12,6e9449,SPLIT,氵达,,,,,06:56.0,06:56.0,,,8
2.02207E+12,6e9449,TRADITIONAL,澾,,,,,06:56.0,06:56.0,6FBE,,8
2.02207E+12,6e9449,TRADITIONAL,𣿔,,,,,06:56.0,06:56.0,23FD4,,8
2.02207E+12,6e9449,TRADITIONAL,𤀱,,,,,06:56.0,06:56.0,24031,,8
2.02207E+12,6e9449,TRADITIONAL,𣾣,,,,,06:56.0,06:56.0,23FA3,,8
2.02207E+12,6e9449,TRADITIONAL,𣽑,,,,,06:56.0,06:56.0,23F51,,8
2.02207E+12,2fd545,PUA,,,,,,06:56.0,06:56.0,,,8
2.02207E+12,2fd545,UNICODE,𬈜,,,,,06:56.0,06:56.0,2C21C,,8
2.02207E+12,2fd545,PINYIN,YING,,2,,,06:56.0,06:56.0,,,8
2.02207E+12,2fd545,SPLIT,氵荥,,,,,06:56.0,06:56.0,,,8
2.02207E+12,f87ad0,PUA,,,,,,06:56.0,06:56.0,,,8
2.02207E+12,f87ad0,UNICODE,𤊟,,,,,06:56.0,06:56.0,2429F,,8
2.02207E+12,f87ad0,PINYIN,TING,,3,,,06:56.0,06:56.0,,,8
2.02207E+12,f87ad0,SPLIT,火定,,,,,06:56.0,06:56.0,,,8
2.02207E+12,04abd1,PUA,,,,,,06:56.0,06:56.0,,,8
2.02207E+12,04abd1,UNICODE,𰞔,,,,,06:56.0,06:56.0,30794,,8
2.02207E+12,04abd1,PINYIN,MI,,4,,,06:56.0,06:56.0,,,8
2.02207E+12,04abd1,SPLIT,火名,,,,,06:56.0,06:56.0,,,8
2.02207E+12,1738a3,PUA,,,,,,06:56.0,06:56.0,,,8
2.02207E+12,1738a3,UNICODE,𬊍,,,,,06:56.0,06:56.0,2C28D,,8
2.02207E+12,1738a3,PINYIN,CHOU,,2,,,06:56.0,06:56.0,,,8
2.02207E+12,1738a3,SPLIT,火寿,,,,,06:56.0,06:56.0,,,8
2.02207E+12,1738a3,TRADITIONAL,燽,,,,,06:56.0,06:56.0,71FD,,8
2.02207E+12,185e8f,PUA,,,,,,06:56.0,06:56.0,,,8
2.02207E+12,185e8f,UNICODE,䦷,,,,,06:56.0,06:56.0,49B7,,8
2.02207E+12,185e8f,PINYIN,CHUAI,,4,,,06:56.0,06:56.0,,,8
2.02207E+12,185e8f,SPLIT,门坐,,,,,06:56.0,06:56.0,,,8
2.02207E+12,185e8f,TRADITIONAL,䦟,,,,,06:56.0,06:56.0,499F,,8
2.02207E+12,185e8f,TRADITIONAL,穩,,,,,06:56.0,06:56.0,7A69,,8
2.02207E+12,5f7627,PUA,,,,,,06:56.0,06:56.0,,,8
2.02207E+12,5f7627,UNICODE,䦶,,,,,06:56.0,06:56.0,49B3,,8
2.02207E+12,5f7627,PINYIN,ZHENG,,4,,,06:56.0,06:56.0,,,8
2.02207E+12,5f7627,PINYIN,ZHI,,4,,,06:56.0,06:56.0,,,8
2.02207E+12,5f7627,SPLIT,门争,,,,,06:56.0,06:56.0,,,8
2.02207E+12,5f7627,TRADITIONAL,䦛,,,,,06:56.0,06:56.0,499B,,8
2.02207E+12,b74cec,PUA,,,,,,06:56.0,06:56.0,,,8
2.02207E+12,b74cec,UNICODE,㻌,,,,,06:56.0,06:56.0,3ECC,,8
2.02207E+12,b74cec,PINYIN,TU,,2,,,06:56.0,06:56.0,,,8
2.02207E+12,b74cec,PINYIN,SHU,,1,,,06:56.0,06:56.0,,,8
2.02207E+12,b74cec,SPLIT,王余,,,,,06:56.0,06:56.0,,,8
2.02207E+12,b74cec,TRADITIONAL,瑹,,,,,06:56.0,06:56.0,7479,,8
2.02207E+12,44775c,PUA,,,,,,06:56.0,06:56.0,,,8
2.02207E+12,44775c,UNICODE,㻑,,,,,06:56.0,06:56.0,3ED1,,8
2.02207E+12,44775c,PINYIN,JI,,4,,,06:56.0,06:56.0,,,8
2.02207E+12,44775c,SPLIT,王季,,,,,06:56.0,06:56.0,,,8
2.02207E+12,155a4c,PUA,,,,,,06:56.0,06:56.0,,,8
2.02207E+12,155a4c,UNICODE,㻴,,,,,06:56.0,06:56.0,3EF4,,8
2.02207E+12,155a4c,PINYIN,MAN,,4,,,06:56.0,06:56.0,,,8
2.02207E+12,155a4c,SPLIT,王曼,,,,,06:56.0,06:56.0,,,8
2.02207E+12,796a7e,PUA,,,,,,06:56.0,06:56.0,,,8
2.02207E+12,796a7e,UNICODE,㻿,,,,,06:56.0,06:56.0,3EFF,,8
2.02207E+12,796a7e,PINYIN,SHU,,3,,,06:56.0,06:56.0,,,8
2.02207E+12,359bde,PUA,,,,,,06:56.0,06:56.0,,,8
2.02207E+12,359bde,UNICODE,𨱎,,,,,06:56.0,06:56.0,28C4E,,8
2.02207E+12,359bde,PINYIN,TOU,,1,,,06:56.0,06:56.0,,,8
2.02207E+12,359bde,SPLIT,钅俞,,,,,06:56.0,06:56.0,,,8
2.02207E+12,359bde,TRADITIONAL,鍮,,,,,06:56.0,06:56.0,936E,,8
2.02207E+12,fd1326,PUA,,,,,,06:56.0,06:56.0,,,8
2.02207E+12,fd1326,UNICODE,𨱑,,,,,06:56.0,06:56.0,28C51,,8
2.02207E+12,fd1326,PINYIN,HUANG,,2,,,06:56.0,06:56.0,,,8
2.02207E+12,fd1326,SPLIT,钅黄,,,,,06:56.0,06:56.0,,,8
2.02207E+12,fd1326,TRADITIONAL,鐄,,,,,06:56.0,06:56.0,9404,,8
2.02207E+12,94733c,PUA,,,,,,06:56.0,06:56.0,,,8
2.02207E+12,94733c,UNICODE,𰽚,,,,,06:56.0,06:56.0,30F5A,,8
2.02207E+12,94733c,PINYIN,KUANG,,4,,,06:56.0,06:56.0,,,8
2.02207E+12,94733c,SPLIT,钅广,,,,,06:56.0,06:56.0,,,8
2.02207E+12,94733c,TRADITIONAL,鑛,,,,,06:56.0,06:56.0,945B,,8
2.02207E+12,f1dd1c,PUA,,,,,,06:56.0,06:56.0,,,8
2.02207E+12,f1dd1c,UNICODE,𬬱,,,,,06:56.0,06:56.0,2CB31,,8
2.02207E+12,f1dd1c,PINYIN,JIN,,1,,,06:56.0,06:56.0,,,8
2.02207E+12,f1dd1c,SPLIT,钅斤,,,,,06:56.0,06:56.0,,,8
2.02207E+12,f1dd1c,TRADITIONAL,釿,,,,,06:56.0,06:56.0,91FF,,8
2.02207E+12,9b123e,PUA,,,,,,06:56.0,06:56.0,,,8
2.02207E+12,9b123e,UNICODE,𬬲,,,,,06:56.0,06:56.0,2CB32,,8
2.02207E+12,9b123e,PINYIN,PI,,1,,,06:56.0,06:56.0,,,8
2.02207E+12,9b123e,PINYIN,ZHAO,,1,,,06:56.0,06:56.0,,,8
2.02207E+12,9b123e,SPLIT,钅爪,,,,,06:56.0,06:56.0,,,8
2.02207E+12,9b123e,TRADITIONAL,釽,,,,,06:56.0,06:56.0,91FD,,8
2.02207E+12,299be8,PUA,,,,,,06:56.0,06:56.0,,,8
2.02207E+12,299be8,UNICODE,𰽥,,,,,06:56.0,06:56.0,30F65,,8
2.02207E+12,299be8,PINYIN,BING,,3,,,06:56.0,06:56.0,,,8
2.02207E+12,299be8,SPLIT,钅丙,,,,,06:56.0,06:56.0,,,8
2.02207E+12,299be8,TRADITIONAL,鈵,,,,,06:56.0,06:56.0,9235,,8
2.02207E+12,a25c47,PUA,,,,,,06:56.0,06:56.0,,,8
2.02207E+12,a25c47,UNICODE,𰽦,,,,,06:56.0,06:56.0,30F66,,8
2.02207E+12,a25c47,PINYIN,LONG,,2,,,06:56.0,06:56.0,,,8
2.02207E+12,a25c47,SPLIT,钅龙,,,,,06:56.0,06:56.0,,,8
2.02207E+12,a25c47,TRADITIONAL,鑨,,,,,06:56.0,06:56.0,9468,,8
2.02207E+12,4d9080,PUA,,,,,,06:56.0,06:56.0,,,8
2.02207E+12,4d9080,PINYIN,LIAN,,4,,,06:56.0,06:56.0,,,8
2.02207E+12,4d9080,SPLIT,钅东,,,,,06:56.0,06:56.0,,,8
2.02207E+12,4d9080,TRADITIONAL,錬,,,,,06:56.0,06:56.0,932C,,8
2.02207E+12,f610f4,PUA,,,,,,06:56.0,06:56.0,,,8
2.02207E+12,f610f4,UNICODE,𬬸,,,,,06:56.0,06:56.0,2CB38,,8
2.02207E+12,f610f4,PINYIN,SHU,,4,,,06:56.0,06:56.0,,,8
2.02207E+12,f610f4,SPLIT,钅术,,,,,06:56.0,06:56.0,,,8
2.02207E+12,f610f4,TRADITIONAL,鉥,,,,,06:56.0,06:56.0,9265,,8
2.02207E+12,e7a9b2,PUA,,,,,,06:56.0,06:56.0,,,8
2.02207E+12,e7a9b2,UNICODE,𬬿,,,,,06:56.0,06:56.0,2CB3F,,8
2.02207E+12,e7a9b2,PINYIN,ZHAO,,1,,,06:56.0,06:56.0,,,8
2.02207E+12,e7a9b2,SPLIT,钅召,,,,,06:56.0,06:56.0,,,8
2.02207E+12,e7a9b2,TRADITIONAL,鉊,,,,,06:56.0,06:56.0,924A,,8
2.02207E+12,fd1073,PUA,,,,,,06:56.0,06:56.0,,,8
2.02207E+12,fd1073,UNICODE,𬭎,,,,,06:56.0,06:56.0,92D0,,8
2.02207E+12,fd1073,PINYIN,HONG,,2,,,06:56.0,06:56.0,,,8
2.02207E+12,fd1073,SPLIT,钅宏,,,,,06:56.0,06:56.0,,,8
2.02207E+12,fd1073,TRADITIONAL,鋐,,,,,06:56.0,06:56.0,92D0,,8
2.02207E+12,d1508c,UNICODE,𱯍,,,,,35:59.0,35:59.0,31BCD,,8
2.02207E+12,9.97E+31,UNICODE,𲊿,,,,,36:00.0,36:00.0,322BF,,8
2.02207E+12,61fbef,UNICODE,𱔐,,,,,36:00.0,36:00.0,31510,,8
2.02207E+12,4d9080,UNICODE,𲇷,,,,,36:00.0,36:00.0,321F7,,8
2.02207E+12,da00b5,UNICODE,𱮺,,,,,36:00.0,36:00.0,31BBA,,8
2.02207E+12,da00b5,PINYIN,ZHEN,,1,,,36:00.0,36:00.0,,,8
2.02207E+12,a5f3cc,UNICODE,𫔀,,,,,36:00.0,36:00.0,2B500,,8
2.02207E+12,a5f3cc,SPLIT,钅柬,,1,,,36:00.0,36:00.0,,,8
2.02207E+12,a5f3cc,SPLIT,金柬,,1,,,36:00.0,36:00.0,,,8
2.02207E+12,157d20,UNICODE,𱣉,,,,,36:00.0,36:00.0,318C9,,8
2.02207E+12,cc2b4b,UNICODE,𱎞,,,,,36:00.0,36:00.0,3139E,,8
2.02207E+12,5921bf,UNICODE,𨪪,,,,,35:59.0,35:59.0,28AAA,,8
2.02211E+12,72ddd3,PINYIN,BAO,,3,,,36:00.0,36:00.0,,,10
2.02211E+13,784534,UNICODE,𱪿,,,,,35:59.0,35:59.0,31ABF ,,8